Date,Author,Comment
2023-11-13,s*****j,"Durability:As of 1 day usage, could bear weight load of 3 handphone, plug & cable HP charger, home key, 2 lipstic and 5 personal card. Could also bear weight load of small / bifold / trifold wallet with 1 handphones.
Material:Not sure but its quite thick. Water resistant, lightweight, anti-scratching with pure color.

Seller offers affordable price with extra discount during my purchase. Delivery a bit fast. Bag accompanied with a dust bag. Recommended seller ! ğŸ‘ğŸ»"
2024-02-11,a*****l,"barang sampai tak sampai 3 hari, cepat betul penghantarannya. kualiti beg mmg nampak mahal, elegant. sangat selesa ye mmg terletak dekat bahu, comel je size dia. nak repeat lagi utk beg raya ğŸ¥°"
2024-01-11,n*****h,Cantik. Harga murah. Qualify terbaik. Penghantaran cepat. Zip okei. Packaging terbaik. Ruang dalam sedang-sedang . Tidak terlalu kecil . Tali boleh laras 2 tahap. Tiada kecacatan
2024-02-15,e*****l,Best purchase! Tak sangka dengan harga tak sampai rm40 pun dapat beg camni material pun cantik dan tahan! Lebih kurang je dgn handbag brand2 local yg famous tu hehe will repeat other designs later! Seller pun hantar cepattt sangat
2024-03-04,t*****4,"Durability:durable
Material:leather

item safely arrived and the delivery also fast. this type of bag suitable for those who doesn't like to bring a lot of stuff but still enough space to put a lot of things inside. thankyou seller ğŸ˜ŠğŸ‘ğŸ»"
2024-01-11,h*****7,"Material:leather
Durability:excellent

Fast shipping and item arrived safely ğŸ›ï¸ğŸ¤ğŸ•¯ï¸ğŸ¦¢ theres two mini pockets inside . Can put many item including powerbank and hp inside the bag . The color is so pretty and original item . Fit for elegant style and i love them ğŸ¤"
2023-12-16,n*****.,"Durability:not sure
Material:Macam Premium

ï¿¼ Everything just nice, I love so much that material beg. This beg not too small, not too big just nice I love it ğŸ˜ And very easy to take anywhere. Because is beg very light ğŸ‘ğŸ¼â¤ï¸â¤ï¸â¤ï¸ ï¿¼ thank you so so so much â¤ï¸â¤ï¸â¤ï¸ï¿¼ï¿¼ï¿¼"
2024-02-19,maizatulsalwa919,cantikkk gileeeee!!!!! kualiti mcm beg mahall pakai pun sedap jeee selesaaa n warna punn nampak exclusive ğŸ˜ğŸ˜ lurveeee teruksss takyah beli ck dah lepass niiğŸ¤­
2023-12-12,ivysullivan,"Durability:Durable
Material:High quality

Fast post out by seller, satisfied by the material wise, the size of the bag is just nice for me and looks the same as the picture"
2023-12-04,p*****o,bag nya cantik wehhh! ğŸ˜­ğŸ˜­ğŸ«¶ğŸ¼ kita lurve sangat! Space nya tak besar sangat tapi muatla kalau nak letak purse & phone kat dalam tu hehe. beli beli! overall saya mmg satisfied since the design are nice & affordable.
2023-11-06,mazlinamasri,"Material:berkualiti
Durability:beg sampai dalam keadaan baik, wlu balut dengan plstik kertas jer. Kemas je wrapper nya. nampak sgt berkualiti. Apa yang penting cantik. Sangat cantik. Saya dapat voucer u all dpat hampir separuh harga. 28.00 jer. Beli beg coach pun xdpat harga macam ni. Tq seller. I akan beli lagi, dan lagi, satu beg untuk i dan akan beli jugak untuk anak2 perempuan sbb beg cantik dan berkualiti. ğŸ‘ğŸ˜tq seller i luv u. Tq shopee."
2024-02-29,x*****i,"Durability:haven't used but should be pretty good based on the quality
Material:leather?

the opening is narrower than i thought and cannot fit too many things but the quality is pretty good for its price. good for daily use. the strap is adjustable but not easily come out so can bear the weight of your items."
2023-12-27,swiftsweet0,"Material:pu leather
Durability:great

material dia best, pu leather keras sikit but best laa. saya suka saya sukaaa! next time kalau nak beli beg lagi beli kat sini jaağŸ¤­ jahitan kemas, design lawaaa n compact. suka beg kecik sbb kadang malas nak bawak banyak barang. recomended! beli laa korang jangan ragu2ğŸ¤­ğŸ¤­"
2024-01-31,n*****6,"Material:ok

Bag cantik sesangatttt.. sampai pun dalam keadaan g baik, condition bag ok, tiada kerosakkan.. penghantaran pun lajuu, thank youuu,
Bag cantik sesangatttt.. sampai pun dalam keadaan g baik, condition bag ok, tiada kerosakkan.. penghantaran pun lajuu, thank youuu,
"
2024-01-23,s*****y,"Durability:Looks like a high quality product
Material:Leather

I'm very satisfied with the product. The only thing that I think need improvement is the zipper. It would be nice if the zipper can be open and close smoothly. The product look very high quality. Overall, the product is beautiful!"
2023-12-10,lolalana_pink,"Material:Rubbery
Durability:Good

Cute bag, agak kecil but boleh letak phone, keys, and wallet kecik. I added a chain for some personalization sbb bag ni nampk simple sikit for me. Material dia lagi bagus drpd bag2 shopee yang I pernah beli."
2024-03-05,p*****p,"Durability:design very sturdy!
Material:Really good material

Please buy this everyone! It's too good, i didn't expect it ti be this good. It looks expensive and very good quality. I love it!"
2024-03-07,kaarosli,"Material:leather
Durability:7/10

as description & as in pictures. beg cantik,sama elok mcm dlm iklan. seller post out parcel cpt, keep up the good work seller!"
2024-03-01,syira8,"Worth it! Fast shipping, neat wrap. Ada tag, cover bag & tq card dengan enquiry section. Zip function, tak tersekat. Beg cantik & tak ada defect. Muat purse panjang nicely. Thank you!"
2023-11-01,n*****_,"Material:Thick and strudy leather
Durability:Seems durable

Lawa gila bag ni. Tak expect beli harini esoknya dah sampai. Cuma bag ni tali dia tak boleh adjust panjang2 macam bag lain. Boleh adjust length macam 3cm difference je. Dalam dia kecik tapi muat lah nak letak makeup, phone and wallet yang kecik2 je lah."
2024-03-12,insomnia_02,"Material:good

Receive in great condition. Overall nice, nmpk macam bag mahal hahaha memang lawa. Dalam luas ye, boleh masukkan purse yg panjang tu, phone dan benda lain like make up. Ada 2 poket kat dalam, 1 zip, 1 takde zip. Thankyou, fast delivery as well. Recommended ğŸ™ŒğŸ»"
2023-12-28,e*****7,"Material:pu leather
Durability:good

Terima kasih seller penghantaran pantas terima handbag dalam keadaan yang baik cuma tak ada kotak tapi okay je, beli masa live dapat harga diskaun so lagi murah for me,berbaloi beli time live hehe. Bag ni boleh shoulder dgn hand carry je so nice colour aprikot cantik i likeeğŸ‘ğŸ¤­ğŸ¤­ğŸ˜Š"
2023-10-31,b*****n,"Material:??
Durability:Excellent

Pay 29/10
Ship 30/10
Arrived Seremban 31/10
Fast!!

Bag cantik, quality elok, setanding vincci. Berbaloi beli yang ni lagi murah quality lebih kurang vincci. ğŸ‘ğŸ»"
2023-12-25,s*****9,"Durability:strong
Material:Leather

The bag so good 100% just like in the picture! Seller immediately post out but took a week to received because of the courier. Will buy again. Thanks"
2024-02-23,h*****9,Alhamdulillah dah sampai penghantaran laju ye semalam post hari ni sampai dah . Handbag cantik sangat kualiti setanding beg beli kt butik tu yaallah cantik sangat suka suka . Maceyh seller ğŸ˜
2023-11-01,n*****1,"Material:good
Durability:good

Alhamdulillah beg dah sampai. Cantek sngt keadaan beg, packing pon secure. Suka sngt sebab beg x kemek, material keras dan nampak kukuh. Sapa yg suka style simple boleh grab. Delivery cepat je dr selangor, 2 hari je. Beli masa sale, murah dan berbaloi. Thank you seller sy beli ye ğŸ˜"
2024-03-15,41cbbk0sxy,"Material:is Good
Durability:very nice

Tq bos brng da smpi dlm keadaan baikğŸ¤ŸğŸ» rugi hoi sipa tk beli bag ni mmng puas hati beli sdhlah good quality dpt murah lgi bag ni cut, mesti org dia suka niğŸ˜œğŸ«°ğŸ»â¤ï¸"
2024-02-09,serraaaaaaaaa,"beg tersngat cantik, mcm beg mahal. seller packing pun kemas, beg sikit pun takda kemek or terlipat. thankyou seller, next time bole repeat order lagi"
2024-01-16,aimancheyusoff123,"Durability:ok
Material:kulit

Ingtkn beg besar lh sikit. Muat dgn purse.  Tp hakikatnye xmuat.  Xpe lh bagi kt anak perempuan saye.  Sesuai untk anak muda. Btw beg nih cantik"
2023-12-04,huzairienamamat,"Durability:good
Material:goog

I give 10star..beli masa promosi dpt murah,free shipping..handbag nmpk mahal, jahitan kemas,suka sangat.. sampai terus buka..ank sdara tgk terus submit lagi 2buahğŸ˜…..seller sangat baik n peramah,layan chat saya yang banyak kerenah ni..VERY RECOMMEND"
2024-01-08,b*****n,"Absolutely thrilled with my purchase! This product exceeded my expectations. The sleek design, top-notch quality, and incredible performance make it a game-changer. It's a must-have for anyone looking to elevate their experience. Couldn't be happier with this fantastic find!"
2023-10-17,cookiesisyummy,"Durability:I can't say much about durability since I just got it but the material looks very good so I think it will be not bad.
Material:Material is leather very nice!

Looks exactly like the picture the design is very nice!"
2024-02-13,rairizz93,"Material:xpasti tp herlokk wehh
Durability:Sangat rekemennnnn pada org utk beli..Done repeatğŸŒ¹ Pengeposan sgt cepat..Kualiti mmg gred Terbaik..Xpyh beli berjenama mahal2,ni pon da ckup utk nampak cntikğŸ¤­ğŸ˜"
2023-10-29,nametagmaker14,"Material:ok la

ni kali kedua beli..kali pertama silap..order lain dapat lain..kali kedua nasib dpt betul. beg cntik. simple. so far ok je sesuai dengan harga.."
2023-10-30,f*****0,"Material:tahan lama

beg cantik. tak sesuai kalau nak letak brng banyk sbb dia comel je saiz. kalau nak letak phone, makeup, dngn purse kecil okay dah. Overall terbaik. korng patut beli"
2024-02-23,i*****h,"Durability:strong
Material:leather

Laju proses  parcel. 1 hari je dh sampai. Tq so much. Sangat berpuas hati. Packaging, the bag is so diva. Sama macam dalam gambar. Very recommended"
2023-11-16,qaisah_syahirah,"Material:good
Durability:sturdy

Just some of the stiches are kinda too rough other than it worth the price."
2024-03-14,nurmasayu96,"Material:cantik
Durability:nampak sturdy berbaloi dengan harga

beli time Live dapat RM18.19. berbaloi!!! pakai untuk jangka masa singat boleh la."
2024-01-31,nuraiza16,"Durability:bagus
Material:bagus kualit nampak mahal

Kualiti beg mantap. Nanti repeat order color lain pula. Thank you seller."
2024-03-13,noryneyyna,Brg dh Selamat sampai..delivery laju..cantik sngt beg nye beli masa live dpt jimat byk..terus grab 2 colour utk this pattern ğŸ˜
2023-11-21,yan22shopper,"Material:Good
Durability:Good

Beg sangat cantik dan berkualiti dengan harga mampu milik. Pembungkusan yang bagus dan barang tidak rosak.Good service by seller and fast delivery."
2023-10-30,amirasyamimi_,"Durability:looks durable
Material:pu leather

Sangat cantikkkk. Color die cantik sangat. Material dia pun mmg high quality. Nampak mahal. Memang puas hati."
2024-02-16,t*****2,bag quality is so surprisingly good for its affordable price! highly recommend!!!!!!!
2023-11-05,i*****h,"Durability:good
Material:good

Warna dia more to off white so far okay la zip okay and muat letak purse and phone"
2024-02-15,f*****s,Satisfied with the purchase. Great design with decent price. Fit all my necessary stuff.
2024-02-11,i*****2,"Durability:Excellent
Material:Great

The bag is same as display. It is smooth and great quality. Fast delivery too!"
2024-02-05,a*****_,"Durability:it's so sturdy! I love it this bag, I looks like it high quality luxury bag
Material:leather I think"
2024-02-07,nor1234567,"Material:ok
Durability:haven use

Fast delivery
Simple good packaging 
Item received in good conditions,  tq seller. 
Can fit HP,  purse and keys"
2023-12-15,husnainihusain,"Material:okay ğŸ‘Œ
Durability:not yet used

So far barang Sampai dengan selamat,,beg betul..puas hati sangat2 sebab cantik gile...."
2023-11-23,jojoyjanelle,"Material:Good
Durability:Good

Very pretty bag! Worth the price.. highly recommended!"
2023-11-14,dianasyairah,"Durability:good
Material:nice.!

Lawa gilaa bag nya..n penghantaran pun laju je."
2023-12-18,n*****a,"Material:okay
Durability:okay

comel nya!! cantik sangat kena dengan price. besar juga beg ni boleh letak powerbank wallet semua. suka la"
2024-01-22,n*****2,"Material:â­â­â­â­â­
Durability:â­â­â­â­â­

OmgggggğŸ˜­ğŸ¤ŒğŸ»the bag was cute and prettyyy..the color of the bag was more like ivory color...overall I lurvee ittğŸ’—ğŸ’—"
2023-11-08,elciaky90,"Material:tebal n kualiti

Mmg comel.sesuai dgn hargaâ€¦apa yg d oder mmg sma pd gmbr"
2023-12-07,_merheejabcollection,"Material:good
Durability:good

barang dah sampai dalam keadaan baik , cantik ssngt2 beg ni"
2023-11-05,u*****i,"Durability:not sure

Bag cantikâ€¦ zip ok ğŸ‘ğŸ».. penghantaran pantas.. walaupon murah bag nampak ber quality.. jahitan kemas.. xde yg rosak.. recommendedâ€¦"
2024-02-15,lyasofia81,"Material:good
Durability:good

Design cantik..warna pun cantik.. material pun best
Banyak design cantik2 will repeat  order soon"
2024-02-17,u*****7,"Durability:keras
Material:MACAM MAHAL PUNYA

waitt harga dia mmg murah i dapat only rm 38 sumpah cantik but i order white ni dapat cream but its okey i terima sebab cantik jugak cream niğŸ˜­ğŸ˜­ğŸ˜­ insyallah repeat soon"
2024-03-18,n*****i,"Durability:so far strong
Material:pvc

Comel ye saiz dia. Muat iP11, card holder, kunci rumah & kereta, few makeup kits. Buat gi ofis je tp selalu juga bawa jalan2 sbb senang saiz on the go. Love it so far."
2023-12-22,m*****p,"Durability:ok
Material:pu leather

-harga murah
-design lawa..sama macam dalam gambar
-space dalam bag ok la tak sempit sangat boleh letak purse panjang,hp
-penghantaran agak lambat,tapi ok la barang sampai seperti yang dijangka"
2024-02-06,a*****h,"Material:Good
Durability:Good

First time beli dari kedai ni. Tapi sangat berpuas hati ğŸ˜ Cantik sangat begnyaa. Thankyouuuu! â¤ï¸"
2023-12-06,b*****e,Really nice quality and worth the price. Process and delivery so fast. Tq seller ğŸ¥°
2024-03-08,s*****a,"The quality is okay for the price , size is quite small, suitable for those who doesnâ€™t like to carry much stuffs . Overall satisfied because delivery was fast ğŸ’¨"
2024-03-03,fazrynallieya,"Durability:10/10
Material:Leather

the bag is so simple yet so pretty and look hella expensive ğŸ˜ i can tell this leather bag is sturdy and wont koyak easily lol. i thought the colour â€œwhiteâ€ is off white, but it turns out to be beige white (still pretty tho) ğŸ’—"
2023-11-23,c*****r,"Bag is sturdy. Looks expensive. Worth the prize. Can fit small purse and hp. Overall all okay, quality is okay too."
2023-11-04,s*****b,Sangat puas hati dengan material yg digunakan.. ğŸ¥° Beg pon cantikğŸ‘ğŸ» Zip utk compartment dia pon smooth ja xde sekatÂ² or rosakğŸ¥°
2024-03-03,s*****z,"Durability:tidak tahu
Material:PU leather

Barang dah sampai dalam keadaan yang sangat baik dan pembungkusan yang baik tiada sebarang kerosakan. Beg lawa sangat TQ seller"
2024-02-08,s*****a,"Material:ok
Durability:ok

Cantik.ringan .warna yang cantik. Harga yang berpatutan .kualiti ok .saya suka terima kasih"
2024-03-12,atiqahzaini_,Barang dah sampai dalam keadaan elok terima kasih seller cantik sangat selasa di pakai ğŸ’•
2024-03-06,s*****0,Comel.. sukaaa.. ğŸ˜murah.. seller n courier lajuuuu... Cepat je sampai.. ğŸ‘ğŸ»
2024-02-22,w*****p,"Material:pvc
Durability:good

Tq seller, beg cantik sangat berbaloi dengan harga...xbesar sangat dan xkecik sangat.. oklah untuk girl2 yang nak nampak elegence gituww.. tq seller"
2023-11-27,z*****3,"Material:material looks good, padan dengan harga
Durability:nampak macam tahan, hopefully tahan lama

recommend dengan harga tu"
2023-11-13,a*****m,"Durability:Good
Material:pvc

Beli time 11.11. Cantik sangat, terbaik penghataran pon cepat okayy ğŸ‘ğŸ»ğŸ«°ğŸ»"
2023-11-05,renjunahh,"Material:okay je not bad
Durability:idkk

SUMPAH LAWA YALL FOR THE PRICE?? i got rm12 off and rm5 off like hhshddbn and im going to match it with the clothes so pretty ğŸ¤­"
2024-02-29,beauty.makcik,Saya minta seller hantar bags dengan kotak sebab saya beli banyak hampir rm200. Buyer dah beli banyak so tolonnglah hantar elok sikit. Saya terima parcel dengan keadaan parcel koyak dan beg rosak sebab dia wrap pakai plastik je. Seller ni teruk. Kalau beli 1 saya terima je kalau beg tu di wrap mcmtu. Tapi saya beli banyak 5 beg !! Dislike dislike.
2023-11-24,cik_faizah,"Material:good
Durability:good

beg so nice..kualiti pun oke setanding hrga mmpu milik..ğŸ¥°"
2024-02-07,w*****i,"Material:gpood
Durability:good

Parcel received in good. Will repeat order again. Thank you."
2024-03-02,shahilanatasha,"Material:good
Durability:merah jambu

Kualiti sangat cantikğŸ˜ rasanya tidak menyesal beliğŸ«¢ nampak premiumğŸ‘ğŸ»"
2024-03-08,einasyikin,"Material:good
Durability:good

cantik dan packaging elok , berbaloi beli . ğŸ‘ğŸ»ğŸ‘ğŸ»â­ï¸â­ï¸â­ï¸â­ï¸â­ï¸"
2023-11-14,jiaweisharon,"Material:good material

Fast delivery. The colour is same like pic. But just got a lit bit press . But I still satisfied ğŸ˜„"
2024-03-02,j*****7,"Material:PV
Durability:long i think

the bag colour if pretty, material is nice, can put phone in it also,i hope my mum will like it"
2024-02-06,n*****n,"Material:terbaik
Durability:tahan

beli nee masa live dpt rm30 lebih jak.. sorry dgn gambar tp bag sampai awal.. terbaik seller.."
2024-03-09,p*****o,"Material:PU Leather kot

Cantik gila guys!!! Premium. Beli time live, dapat harga murah ğŸ¤­ beg ni boleh muat Phone, purse , tissue, compact powder, lipstick and lipgloss. Byk jgk boleh sumbat actually hahahaha. Worthy teruksğŸ’“ next time nk beli style lain plk ğŸ™ˆ tq seller"
2023-12-13,h*****m,"Material:macam leather
Durability:tahan

Bag cantik, tebal, cuma kaler putih dia macam kuning2 sikit.. apapun puas hati.. sebab cantik sgt tq seller"
2024-02-16,d*****m,"Material:tak sure
Durability:good

Cantik sangat. Nampak je kecik tapi muat banyak barang. Suka sangat dengan beg ni"
2024-01-12,i*****h,"Durability:Good
Material:Pu leather

Penghantaran sangat lama ke Sabah.
Beg cantik je dan tak kecil sangat tp besar."
2023-10-30,jessiewong2005,"product quality is ok, good value for money, fast delivery, excellent service by seller"
2023-11-25,s*****9,"Durability:good
Material:good

Suitable for young woman and also suitable for children. Really worth for buying and i donâ€™t regret. Hehehe"
2024-02-09,c*****8,"Fast delivery
Good value for money
Good quality of product
Thank you seller"
2023-11-13,a*****6,"The bag is cute, worth to buy. Enough to put phone, purse and some basic makeup. The material is leather (?) like or something similar to that. Seems waterproof."
2023-10-20,junemohdnor,"Material:okey
Durability:okey

kecewa sikit la order lain dpt yang lain... tp seller mntak pos semula nk refund... pikir balik xpela ambik je la yg ni...lgpon dpt harga murah je dlm rm20++ n free shipping... beg pon nmpak kualiti n cun...ğŸ‘"
2023-12-25,a*****h,"Material:hellokk

Cantik sangat color apricot, kita beli sebab nak match dengan baju hitam, corak nude hehe 
Recommended ğŸ‘ğŸ»"
2024-02-04,a*****.,"Material:pu leather
Durability:durability depends on how well the bag is treated

handbag is pretty and affordable. I prefer it simple and small. It looks nice and gives off an expensive vibe ğŸ˜. This is my second purchase, and I highly recommend it!"
2023-12-05,mieyhumaira,"Material:mantap
Durability:ok

dapat harga sale tu hari,terima kasih seller ,bestnya dapat harga murah,beg pun berkualiti"
2024-03-20,azwanawana,"Durability:ok
Material:ok

Hand bag dah sampai....bungkusan ok sangat-sangat...harga pun ok lh...penghantaran sangat cepat..terima kasih seller....terbaik lh"
2023-10-29,e*****3,The bag has a little damage. Macan kemek dekat bag yg lain ok je. Cantik dan penghantaran pantasğŸ‘. Thanks seller
2024-03-10,j*****y,"Material:high kualiti.material mahal mahal gitu

Korang belilah comfirm tak menyesal"
2024-02-05,kenits123,"Material sangt2 puas hati, lawa nak mamposğŸ˜‚ğŸ˜­ . Kualiti cm mahalğŸ¥°"
2024-03-07,eiyda_25,"Material:material soft , cantik jer , puas hati dooh ,

penghantaran laju"
2023-11-04,syafiqahmomin,"it is cute and I am really satisfied with the material ğŸ™ŒğŸ» but the only thing I am not satisfied with is the way they pack the item. no bubble wrap, thankfully I received the item in a good condition."
2024-01-27,nor_jamiatin,"Durability:ok
Material:ok

Cantik gile, kuning cair . Penghantaran laju. Tq seller"
2024-02-27,a*****6,"Durability:good but..
Material:pu lether

The zip... Bagi saya, ia agak kurang lurus. Harga asal 46, tpi dpt 27.90 nice cuma zip tu kurang memuaskan... Cocok dgn harga 27 bukan 46.. hehe"
2024-02-11,m*****9,"Material:ok

Barang sampai dengan selamat
Tiada sebarang kerosakan
Terima Kasih"
2023-12-01,teah.zamri,"Durability:laju
Material:taktau

penghantaran laju tapi bagi sy bag ni kecil ğŸ˜‚ boh dompet takleh tutup ğŸ˜‚"
2023-11-05,n*****0,"Fast delivery,quality ok not bad la,small but can fit small wallet,phone,& others small item l"
2024-02-09,n*****n,The bag is okay but I hope next time seller will post it in a box. At least put it in something instead of just packing it in a plastic bag and posted it. My bag was not in its best condition as it got squished during the delivery process.
2024-03-18,s*****k,"Durability:ok
Material:ok

Loveeeee sgtttt handbag ni..xkecik sgt xbsr sgt .tp nice je."
2024-02-23,r*****h,"Material:tak nampak murah
Durability:quality okay

loveree doohh!!! ngam2 
nasib lengan dah kecik skrg"
2024-01-14,amylitah3003,"Material:ok
Durability:ok

Ok lawa,,walaupun 1kali return sebab salah bagi item, nasip yg kedua kali oder ngam oder ngam d packingğŸ˜†"
2024-01-17,sitinuraizila,First time beli tapi okayy laaa . Beg cantik tapi ada kesan kedut kedut camtuu . Paperbeg tuuu dapat tak yeapooo . Nnti boleh upgraded cara packaging . Pape pon okayy . Nnti repeat.
2023-12-26,n*****z,I'm so in love with this beg!! Cantik and comel je beg ni... ğŸ˜ğŸ˜
2023-12-13,zerohoure,"Material:leather
Durability:good

Cantik suke sangat bag dia simple but nice boleh laa nk bwk p jalan ii tq seller"
2024-03-14,h*****9,"Durability:Boleh tahan
Material:unknown

Selesa pakai ,, tak menyesal beli â€¦"
2024-03-19,n*****s,"Bag lawa tpi agak kecewa sbb bag dtng bukan dalam kotak, jdi bila buka tu nmpak kedut2 dkt bag mcm dlm video. Harap seller lpsni letak bag dlm kotak untuk preserve the shape so that x de kedut2 mcm dlm video. Maybe after guna okay kut tpi first impression agak kecewa sikit. Saya tahu harganya sesuai dngn barang tpi saya harap untuk menjaga brand ini seller boleh improve."
2023-11-16,cbl_1113p,"Material:Ok
Durability:Ok

Late received not like expected early received like others seller, packaging ok.  Tks ğŸ™ ğŸ™ ğŸ™ ğŸ™"
2024-01-03,aiman_syafi,"Material:mantap

Postage laju, barang lawa dan adik saya suka..kualiti cun cun .. ğŸ‘ğŸ» thanks seller"
2024-03-10,babymelll,"Material:very niceğŸ˜
Durability:good

Cantek sangat sukaaa design dia ğŸ˜ thankyouu seller"
2023-11-10,mazatul762,Alhamdulillah barang sampai dgn selamat.. penghantaran pantas... bungkusan kemas..beg cantik...
2023-10-31,m*****5,good quality in fast delivery ï¼Œtq so much for the service
2024-02-25,ansnadiaa_,"Durability:okeyy
Material:hmm leather mybe

Fast deliveryy, so cntikkk i loikeee, â™¥ï¸â™¥ï¸"
2023-11-29,roslizaghazali81,"Durability:good
Material:good

Suka sangat. Beg comel.hehe. dapat discount rm25 je free postage. Repeat lagi pattern lain. Cantik2. Tq seller. Recommended. Tq tq t"
2024-01-25,l*****y,ingatkan kerasâ€¦ tapi sikit jeâ€¦ tapi packaging mmg lawaâ€¦ macam kat butikâ€¦ bolehlah harga dia pun affordableâ€¦kalau keras lagi sng nak hempuk muka lelaki yg tk guna kat luar sana
2024-03-03,k*****g,"Simple beg
Tak tebal so bila kepit bwh lengan, still selesa
Tali boleh laras
Ok la.. dpt grab rm27..  
Penghantaran lazuuu
Tp tali panjang takdo ya"
2023-11-25,bellaclarissaf,"Durability:not sure
Material:good

Worth to buy. The bag is cute."
2024-02-23,a*****h,"Lawa sgt2 design beg ni. Simple but nice! Mind you, beg ni xde kotak ye, so mungkin akan ada kesan garisan ckit (bertindih dgn brg2 lain), based on your luck. Mine punya ada kesan ckit kt depan, but it's okay, i like it anyway ğŸ˜ Rasa nk repeat warna lain plk ğŸ¤­"
2023-12-06,a*****_,SANGAT CANTIK YAAAAAA tapi tulah packaging dia tak secure sangat sebab ada la kemek sikit sikit ğŸ¥² tapi tak apalah memang lawa. Delivery pun laju betull hihik suka suka nak repeat design lain pulak sebab design dia semua lawo lawooooo
2023-11-19,sitibal94,"Material:smooth

thank u so much seller.. discuss before the exchange the color because the bag that i want was out of stockğŸ«  this color apricot also niceğŸ¥°really appreciate it"
2023-10-19,t*****i,"Durability:not sure tahan lama ke tak
Material:boleh laa utk ootd.

Size beg pun okay. Jahitan kemas. Beli time sale"
2024-02-19,wanwanliah1991,"Durability:good
Material:leader

Alhamdulillah brng d trima dlm keadaan slmt&baik,beg sgt cntik sya suka sgt""next blh repeat oder,tq seller&abg JNTğŸ‘ğŸ‘"
2024-01-12,hapizhalim,"Material:ok

Penghantaran cepat, brg sampai dgn slmt, cantik puas hati. Tq seller"
2023-11-03,_*****_,"Material:cantik sangat
Durability:love betul

Barang sampai sudah sangat saya suka nnti saya order lagi terima kasih sellerğŸ¥°ğŸ«¶ğŸ»"
2023-12-18,syahirakasim,"Material:tak nampak murah
Durability:worth the price

better pakai dompet kecik or card holder untuk pakai beg ni.. cantik untuk jalan2.."
2023-12-03,ojak_jk01,"Durability:sampai sama dengan di gambar
Material:pu

Barang banyak bagus . I like it"
2024-01-10,momoyls,"Material:Leather but not sure how long can it be used

memang puas hati gila. detail semuaa cun sampai dekat zip tu pun ada nama brand kena letak, beg tersangat2 cute really recommended if u wanna try any shoulder bag ğŸ˜­â¤ï¸â¤ï¸â¤ï¸â¤ï¸â¤ï¸"
2023-10-30,f*****0,Padu n menarik  barang sangat cntik dan sangat disukai wife  penghantaran slow sedikit
2024-01-01,n*****y,"Durability:Good
Material:Sturdy leather

Thank you seller, fast delivery ğŸ¥º
Lurve this bag â¤ï¸â¤ï¸â¤ï¸"
2024-01-20,y_mii,"bag cantikk !! harga pun murah high quality , memang sesuai laa pakai time raya nantii"
2023-12-07,d*****n,"Maaf lambat rate, busy sangat kerja. Penghantaran pantas beg sampai dalam keadaan yang baik. Berbaloi beli cute jee ğŸ˜ğŸ¥°ğŸ˜˜"
2023-12-31,i*****a,"Material:strong stretch
Durability:good

Really cute amazing and nice bag to usee"
2023-10-30,aliaaaaqueenn,"Durability:9/10
Material:kulit

Beg nim sumpah cantik ğŸ˜ material dia pun nice ğŸ‘ğŸ» cumanya warna dia tu tak sama tau mcm dalam gmbr , die lain sikit but overall beg nim cantik ğŸ˜˜"
2024-01-10,s*****7,"Material:lembut
Durability:mgkin tahan lasak

cantik. xbyk zip. bini suka.. alhamdulillah"
2024-03-02,h*****a,"bag is okay, affordable price yea okay sorry pic not related okay"
2024-01-18,missghost_,Warna bukan putih cerah tp lebih kepada cream lmbut..tak dapat dalam kotak walaupun da request slmat beg okay mak kata.
2023-11-20,norsara12,"Bag sangat lawa, cuma packaging teruk, bag sampai dalam keadaan kemek. Bag jadi tidak lawa cantik. Mohon upgrade untuk packaging."
2023-11-05,n*****m,"Durability:Good
Material:Good

Sesuai dengan dia punya harga, cantik. Seller pn pos cepat je, overall I'm satisfied."
2023-11-17,aniya02.m,"Love the service, love the design. Order 3 hari dah smpai. Love the quality. Recommended sgtÂ². ISTG tk rugi beli."
2024-01-09,n*****_,"Material:TERBAIK
Durability:TERBAIK

TERIMA KASIH SELLER , BEG CANTIK . PENGHANTARAN PUN LAJU @ KEMAS ğŸŒ¸"
2024-03-12,abdul_razak_ishak,"Durability:good
Material:good

Good quality and nice to give for birthday present"
2024-03-03,f*****2,Received well. Fast delivery. Good Packaging and Products. Thank you seller.
2023-12-06,sorfyar,"OMGGGG I LOVE IT SO MUCHHHH, THANK YOU SELLER !! GOOD SERVICE AND FAST DELIVERY !! MIGHT REPEAT AGAIN â™¡â™¡â™¡"
2024-03-15,a*****h,"Material:good
Durability:good

Sorry gmbr takde kene mengena sbb beli as hadiah untuk orang lain"
2024-01-03,ofzl57pacs,"Fast deliveryyğŸ˜ğŸ˜barang pun cantik sgt sgt, takdalat ambik gambar sebab buat bagi gift ke kawanğŸ¥°"
2024-01-18,razisz994,"Material:leather
Durability:strong

Cute ! The zipper and the quality are good ğŸ‘ğŸ» thankyou seller!"
2023-11-06,shahaidil74,penghantaran sgt pantas dan selamat diterima dalam keadaan baik. tq seller
2024-02-20,muhammadriduansamsudin87,beg cntik sngt wlaupun hrge murah tp kualiti nmpak mahal
2023-12-01,c*****m,"Product received in good condition 
Packaging is good
Good value"
2024-02-20,p*****n,"Material:nice terokkk
Durability:tak pasti tp nmpk mcm tahan lama

nice terok gaiss belilahh, i rasa nak beli lagi colour lain. putihnya tak oure white pun, mcm off white gituu, mak lurve. tp kalau pure putih pun mak lurve. senang cerita semua mak lurvee gituuu ğŸ«¶ğŸ«¶ cuma j&t ni kan haihh beg tu bukan dalam kotak, dia pi sumbat dalam letter box yg kecik tu. nasib baik tak rosak beg tu ğŸ˜­ makasih ya seller. nnt nak repeat lg lah dgn harapan j&t tak buat benda sama ğŸ˜­"
2023-12-04,izzyjeon,"Durability:seems strong
Material:pvc

Ok what the hell.. it look waaaaayyyyy better than in picture!! Im in love honestly. I wanted to give this bag as a present but now i might want to keep it for myselfâ¤ï¸â¤ï¸â¤ï¸"
2023-12-29,samhassan,"Wahhhh â¤ï¸â€ğŸ”¥. Sangat cute, sangat suka design begini even dah dekat 4 siri tapi nampak sangat sesuai. Muat long wallet, ippromax, key, tapi nak masukkan banyak barang is limited."
2024-01-24,a*****3,"Material:pu leather
Durability:durability

Lawaa , nampak elegent , sesuai buat pakai harian , beli time live dapat lagi murah , seller baik"
2024-03-14,a*****h,"Durability:10/10
Material:hard skin

well i love the texture and everything about it, simple but elegant thats what im looking for"
2023-11-19,n*****8,"cantik and tak besar sangat, nice je kalau korang nak bawa pegi ootd ğŸ¤ª lurve! Courier pun mantul buat kerja laju je"
2024-01-20,noortijah,"Material:good

tq seller barang dah sampai, beg cantik anak suka sangat tq tq tqğŸ˜šmaaf gambar tak ada kaitan"
2024-01-22,w*****o,Very nice and really as displayed in the description. Love the material and the bag!
2024-03-05,teahkylaa_99,"Material:ok
Durability:ok

semua nya ok, penghantaran pun cepat dan akan repeat balik kedai nie"
2024-03-12,a*****3,Dpt harga murah tp serius kualiti dan design mcm beg mahal sgt suka!
2024-02-27,rienasamrienaohhkeydaa,"Durability:good
Material:leader

beg sngat cantik dan berbaloi beli nti repeat oder warna lain"
2024-01-06,a*****1,"Material:ok

warna putih tapi macam da kuningğŸ˜… oklerrr berbaloi dgn harga murahğŸ‘ğŸ»"
2023-12-25,a*****a,"Material:good

received it already. beg sangat cantik, nanti order design lain lagi"
2023-11-20,h*****h,"Warna yang sangat cantik. 
Sekadar muat satu handphone and wallet nipis."
2024-01-01,nursuhadamdromli,"Cantik hampa patt try, penghantaran pon cepat, berbaloi sangat dengn harga"
2023-11-09,w*****_,Bag sampai dalam keadaan yang baik. Bag cantik dan warna sama macam dalam gambar.
2023-11-06,pijaizza,"Material:comel, sesuai
Durability:handbags

Recommended, simple bag, comel, cute, boleh letak wallet handphone."
2024-01-17,muhammadisyraqazizi,Barang ada kat rumah dah buka tapi kotak dia kemek . Kena baiki lagi ye ğŸ‘ beg okey
2024-03-07,aemanrazak,"Material:Nice synthetic leather
Durability:Not sure

Beli untuk wife. Handbag raya kateko. Warna similar dengan gambar. Nice"
2024-01-04,chrisalviah,Kecil tapi Sy suka sbb Sy mmg suka bag kecil2.. muat juga dompet panjg tu..
2023-11-07,s*****i,"Material:Not bad. Nice bag
Durability:Tebal lembut tahan lama bergantung pada orang yang pakai

Cantik.. Jomm beli"
2024-03-12,zarifasyraf93,"Packaging cuma balut dgn plastik. Ade koyak dekat packaging, brg pun ade kesan calar pnjang."
2024-01-06,gracia_agnes_wong,dobe received it and handbag very good i like it so much thanks
2024-03-12,jr4tkjewn1,"Material:ok Dan cntik

Handbag cntik Rasa mau order lagi,tq seller DN abg jnt"
2024-01-05,zaimmazainudin97,"Material:kulit

Beg okay ğŸ‘ğŸ» dalam kecik sikit tapi nicee untuk minimalist"
2023-12-23,n*****h,"Material:kulit
Durability:keras

sangat memuaskan lurvee sgatt ngan beg nie ğŸ˜˜ğŸ˜˜ğŸ¥°ğŸ¥°ğŸ’•ğŸ’•i wil repeatt agaiinn ğŸ¤­ğŸ˜ğŸ˜ğŸ˜"
2024-03-13,jennyy7044,"Very fast deliveryâ€¦use only two days
I very like it ğŸ¥° Good good"
2024-02-28,s*****9,"Material:Leather
Durability:Not sure

Beg cantik, comel je. Mcm beg mahal ğŸ¥° memang tertungguÂ² diorang buat live, sebab nak ambik voucher murah tu ğŸ¤­ğŸ¤­ Nanti boleh repeat beg lain pulak ğŸ¤­ Thankyou seller ğŸ¥°"
2024-03-13,noryneyyna,Brg dh sampai..cantik sngt beg nye..sy grab 2 warna terus Sbb lama dh berkenanğŸ¤­ğŸ¤­
2024-03-20,n*****7,"Durability:good
Material:good

Just nice...thanks...saya suka design dia..."
2024-03-05,s*****.,"alahaiğŸ¥¹ sangat sangat cantik ya. Nampak elegant je bila pakai, n of course nampak mahal. Dia punya material tu yg ğŸ‘ğŸ»ğŸ‘ğŸ», dia macam ada texture sikit,  macam baldu tapi bukan baldu lembut, eh tak tahu tak reti nak describe ğŸ˜‚ tapi memang ğŸ‘ğŸ»ğŸ‘ğŸ»ğŸ‘ğŸ» nampak sangat sangat berkualiti. Aloevera tu saja tu sape nak anggar dia punya kebesaran ğŸ˜‚ . Papepun thank you ğŸ«¶ğŸ». Saya beli ya"
2023-12-14,zatiamin93,"Durability:cantikkk
Material:PVC tebal

Sumpahh cantikkk gaiss,,, 
Try beli 2 design, sbb murahh,,, 
Bole repeat lagiiiğŸ˜"
2023-12-09,ainadayana2810,Cantik gila bag ni ğŸ˜ dh la murah cantik pulak love betul ğŸ˜ next time repeat tunggu warna nk lain ada stock ğŸ¥°
2023-10-26,w*****n,serious cantikk !! suke sukee . packaging pun elok je lobee lobe
2024-01-18,e*****d,"Durability:terbaik
Material:terbaik

Terbaikk. Beg super cantik."
2024-02-02,n*****b,"Material:synthetic leather
Durability:perfect

first time beli jenama mossdoom mmg terpikat dan tergoda ğŸ˜ i really like it ğŸ¥°"
2024-02-06,b*****5,"Durability:kualiti best, tahan lasak
Material:material ok

Design yang menarik"
2024-03-05,d*****d,"Have quality.
Fast service.
Recommended.  Tq seller.  Tq courier."
2024-01-29,noujafira,Beg cantikkkkk really love. Harga pon affordable sangatttt.
2024-01-12,z*****n,"Material:cantik begnyaa

dah lama sampai ambil masa seminggu"
2023-11-19,_nurulfadzlina,"Durability:cantikkkk
Material:cantikkkkkkk

cantik ssangat material okayyyy inloveeee gilaaaaaa â¤ï¸â¤ï¸â¤ï¸"
2024-03-19,fatinnabilahassan,"Beg nama saja mcm besar yaa, tp boleh laa muatkan hp , purse , perfume travel size & lipstickğŸ¥° lawaaa cunn.. boleh guna melaram raya nanti"
2023-10-22,skyrain881088,"Durability:ok
Material:leather

Alhamdulillah akhirnya dpt juga bag ni, cantik tak menyesal beli, harap bertahan lama, tq seller."
2024-03-02,msnita11,Beli utk anak.dia sgt gembira dpt beg yg cantik sangat.mmg recommended.TERBAIK
2023-11-30,t*****7,Sangat sangat berbaloi. Realllyyyy love it ğŸ˜ğŸ˜ for sure akan repeat another kalerrr pulak. Material best!
2023-12-31,elvanyyy,"Itâ€™s so cute!! Totally worth it,good material and trendy ğŸ˜ğŸ˜"
2024-02-23,nurulshafika931208,Sy chuby tp bg Sy beg ni comel sgt2 kalau Sy pakai... kecik...harap bag ni bertahan lama la..
2023-12-14,sadarrshop,"Kulit beg elok,zip smooth,warna nya cntik sangat,harga berbaloi"
2023-12-19,qieshaaaaa_,"Okay , semua cun nampak mcm beg mahal sangat ğŸ˜œ lawa sangat sangat sangat sangat"
2023-11-07,reencloset,"Nice gilaa.... Korg patut beli taw! Recommended gila ğŸ˜ beli utk ank dara.. Tp rse nk repeat utk diri sndiri hahahah.. 

Everything okey! Delivery pun pantas ya rabb.. Seller pos hari yg sama.. Tq seller, gudjob! ğŸ¥°"
2024-03-06,k*****n,"serious cantik sangattt!! quality nice gila macam c&k. dia takde box or paper bag tapi letak dalam bag kain gitu still nampak exclusive. dah lama aim bag ni, tunggu sale dapat murah terus check out ğŸ˜"
2023-12-07,a*****n,"Durability:very good
Material:kulit

recommended !! will repeat another color. cantik sangat. and ringan. brand from indonesia."
2024-02-10,f*****a,itss good!!! i liker bcs its so simplee to usee very good!!!!
2024-02-27,c*****m,"Material:quality

Terbaik harga berpatutan wife suka Tq seller"
2024-02-17,fir_daus2008,"Durability:good
Material:good

CANTIK GILAA DAH LA DAPAT DISCOUNT AAAA"
2024-01-05,aishahhanan,"Material:Cantik
Durability:Cantik

Nampak ekslusif dn menawan"
2024-02-20,hanzhajis,"Material:ok
Durability:ok

Bag cantik,quality sesuai harga.. tiada sebarang kerosakan.."
2023-11-06,feliska.o,Material sgt2 Bagus.Beg pun sederhana besar.SgtÂ² suka beg Ni.
2024-03-19,n*****a,cantik sangat. dapat harga rm25 ğŸ¥°ğŸ˜ğŸ˜ thankyouuu fast delivery ğŸ«°ğŸ»â¤ï¸â¤ï¸ boleh pakai raya memandangkan beg sedia ada dah rosak ğŸ˜‚
2023-11-27,a*****n,"Durability:nampak ok

Cantik gler.. warna nie pun lawa. X menyesal la beli"
2023-12-22,azhar9595,Material semua cun. Kemas. Wife suka. Thank you seller
2023-11-27,helmieyzaini,"Material:bagus
Durability:keras

Beg cantik and yg penting murahğŸ˜†"
2023-11-14,i*****i,"beg cantik sangat, nampak macam mahal hihi. thank you seller for your service"
2023-11-27,sumandakj,I LOVE IT ! ğŸ˜ cuma beg ni sesuai utk yg tak bawa byk brg2 . Ngam2 utk wallet hp n bbrpa alat makeup
2023-12-15,jaelivehere,"The size are the one that I been looking for.
It's perfect enough but I disnt expect to be this wide.
Will find a way to style my outfit with this bag"
2023-11-08,syakrole98,Apa yg cantik sgt ni wehhhh tak rugi beli aaaa ğŸ˜˜ğŸ˜˜ğŸ˜˜  zip dia okay smooth je! ğŸ™ğŸ¼
2023-10-31,pesonaputri,"Durability:shoulder bag
Material:pu leather

Iawa ok la muat 2 fon ngan wallet"
2024-03-11,shinaina093,"Durability:ok
Material:idontknow

i recommend thisâ€¦.ğŸ«¶ğŸ»
looks expensive and elegentâœ¨"
2024-02-08,sitikhadijah6300,"Durability:ok
Material:ok

This bag so cuteee, i love it."
2023-11-02,n*****n,"Brg ok terbaik puas hati beli,,tq seller.. Alhamdulillah Terbaikk"
2024-01-23,norhaslindahassanuddin,Durability:condition barang sangat berpuas hati ! takde cacat langsung ğŸ‘ğŸ»
2024-02-20,r*****8,Barang sampai cantikk. nice nice nice ğŸ‘ŒğŸ˜
2023-11-14,s*****n,"Durability:Quality is good, value for money"
2024-03-19,najiha744,"Material:good

Sngt cntkk tq yaağŸ˜˜"
2023-11-04,hazlinlynn94,Beg cantik ğŸ˜ğŸ˜ thank you seller
2023-12-20,0w2pggxnpe,Sampai dgn selamat dan cantik .puas hati
2024-03-13,a5yr4f,"Material:Good
Durability:Good

Adik saya sukaaa untuk birthday diaa. Vasss."
2023-11-29,itssakua22,This bag is so damn cuteee ğŸ˜­ğŸ©· looks expensive
2023-11-09,lienamanizzz88,"Material:good
Durability:real pict

Aq kena bayar 13 rm saje happy sangat....."
2024-02-17,aimimsrh01,"Cantik sangat cantik!!! My sister love it!! Quality pon best, pandai jaga confirm tahan lama ğŸ«¶ğŸ»ğŸ«¶ğŸ»"
2024-01-16,j*****6,Just nice and fast delivery. Hopefully okayyy. Thank you seller
2023-12-31,i*****a,"Durability:quite cute and nice white
Material:steong

Sorry no pic as bought for gift someone else but its good"
2024-03-10,tulsi02,"Material:nice

Nice , beautiful ğŸ¤©"
2024-01-12,christinajohn92,"Material:Good
Durability:Good

Beautiful beg.. Fast shipping."
2024-03-20,mariamargareta131,"Cantik...
Tq sbb hantar barang sangt cepat"
2023-12-23,sandralynasaban,Barang sampai dgn selamat.. Beg cantik
2024-02-25,a*****s,Bag cantik ğŸ‘ğŸ» sampai dalam keadaan baik
2024-02-10,ellyshazulaika,bag cantikkk sangattttğŸ‘ğŸ»....kualiti dya pom bagus
2023-12-26,_*****n,really love the quality! â¤ï¸
2023-11-29,arizabuhul,"Material:good
Durability:good

Lawa teruksğŸ˜ berbaloi sangatğŸ¤™ğŸ¾"
2023-12-03,zetyhafiza200484,"Material:kalis air

Beg cantikkk! I likeeeâ¤ï¸"
2024-02-09,i8_g59keaieva,"Durability:cantik
Material:good

Bag sangat cantik,,saya suka,,saya suka.."
2024-03-13,taeeyaa,produk bagus . sesuai seperti gambar
2024-01-02,g*****s,"Beli untuk hadiah bff..takde gambar takde video..tapi dia suka sangat, lawo dia kabo..beli masa offer dapat murah ğŸ¥° thankyouu seller..nanti boleh repeat lag.. penghantaran laju mat"
2024-03-10,pendimur,"Lobe.. Lobe.. Lobe gitu
Barang sampai dengan selamat
Terima kseh saller
Terima kaseh akak kurir maaf dua kali dtg sya amik cod tp xde ditempat"
2024-03-07,hivellyhanif33,"Durability:aku masih belum bisa ngomong umur yang panjang
Material:Bagus sekali lagi semoga bermanfaat dan bisa juga sayang sama dia udah ngerti"
2023-11-04,y*****7,"satified with the quality. super in loveğŸ˜ bought 2, both are to my standards. thank you sellerğŸ˜ğŸ˜"
2024-02-18,s*****_,"Material:leather i think

sesuai la dengan harga and dia macam off white"
2024-02-02,mardhiyahsaad21,"Durability:10/10
Material:9/10

warna cantik dan nampak classy â¤ï¸"
2024-02-22,nursyuhaidakhairilhafiz,Cantik bersesuai dgn harga. Warna seperti yg dipilih.
2024-01-03,adamaidiladam,"Durability:Ok
Material:Terbaik tq seller n courier"
2024-03-10,p*****3,"Uools nak cari iron yang bagus tapi harganya berpatutan sis nak share iron paling best
Iron baru sis ni memang canggih tau. Stimnya kuat gila, boleh buang kedut tiga kali ganda lebih cepat dari yang biasa. dan 3 jenis steam mood iron tak perlu risau lagi pasal mengisi air berkali-kali sebab kapasitinya besar 2 liter. Dan yang paling best, ada sistem pembersihan dalaman automatik, jadi tak perlu risau tentang kuman atau karat. ni juga ada safety lock feature supaya iron tak mudah jatuh 
 Tambah pula, ada pilihan suhu untuk semua jenis kain, dari nilon sampai linen. yang best hanya dalam masa 60 saat dah panas. Tak perlu menunggu lama. Cepat tau jadi kita dapat  menggosok baju jadi lebih senangkan â€¦

yang penting ada 1 tahun waranti.. kalau rosak dapat ganti baru Seriously, memang berbaloi beli steam iron Simplus ni tauâ€¦

Jom beli sekarang!!
Lazada: https://www.lazada.com.my/products/i3575415269.html?spm=a1zawi.24863640.table_online_product.13.447d4edfYKMiA1
Shopee: https://shopee.com.my/product/531049349/19378926429
Tiktok: https://shop.tiktok.com/view/product/1729610363239959273?region=MY&locale=en

Facebook: Simplus Malaysia
IG: @simplusappliance @simplus.my
Tiktok: @simplusappliance @simplus.my

#simplus #simplusmy #MCNWinbegin #appliances #1yearwarranty
#instagood #newitem #minimal  #musthave"
2024-02-03,n*****i,"Kat situ tulis putih, bukan putih pon. Hrmm ni color beige ğŸ˜“ Menyesal beli. Tktaula seller tersalah color atau putih dia memang mcm ni"
2023-12-24,yusfafa,"Durability:ğŸ‘
Material:ğŸ‘

Cantik sngtÂ² handbag ni,sbelum beli fikir dua 3 kali nk pilih warna ap,akhirnya pilih warna ni juga,memang tak mnyesal, cantik sngatÂ²ğŸ‘ğŸ‘ğŸ‘"
2024-03-04,n*****h,"terima kasih. barang dah lama sampai.
cantik beg. cuma ada kesan kotor sikit apa2 pun terbaik"
2023-11-17,liisaamiiraah,kat gamba macam besar tapi da sampai kecik pulak hm pape pun cantik je bag
2023-10-19,j*****n,"Durability:lawa....
Material:kulit cantik

ingt kan murah ni biasa je... xsangka lawa sgt2
...korang wajib beli...mmg berbaloi"
2024-03-05,nasuhamran,"ingatkn beg dia color putih terang tu , tapi mcm beige ii hurm"
2024-02-21,a*****k,sumpah cantik gila beg ni . memang nak repeat semua colour ğŸ˜­â¤ï¸
2023-12-28,zai_kidshop,beg cantik..sesuai for those suka yg simple yet elegant..worth to buy
2024-01-05,a*****8,Barang dah sampai.. love sangat dgn barang ni.. thankyou seller â™¥ï¸â™¥ï¸
2024-03-16,rynn_nial,"bag cantikkkk sangat. semalam order harini sampai, lajuuu ğŸ‘ğŸ¼ğŸ‘ğŸ¼ recommended"
2023-12-15,dayangnh,Love the bag ğŸ©· might consider buying the other colours too
2024-02-03,margaret_99,Brg mmg terbaik .. cepat smpai lagi ... Terbaikkkkkk
2023-11-07,yukshopwithrose,"Love the bag, look classy & modest. Will repeat again"
2024-03-06,shamiratnay,"Material:ok
Durability:ok

Bukan pure white, more to cream."
2024-02-16,norahayumohdnor,"Material:ok
Durability:ok

sesuai utk anakdara dan remaja..tq seller"
2024-03-19,nur_hafifa,"Durability:beg cantik
Material:xtay material apa.

Comel molek ja"
2023-10-27,gb2cyapgc3whs_lo0k1oa5bw7xvf,Handbag cantik sgt.puas hati nk beli lgğŸ‘ğŸ¼ğŸ‘ğŸ¼rekemen
2023-10-31,p*****a,"Material:idk
Durability:idk

i love it so much!!! sesuai utk most of my wardrobe."
2023-10-24,n*****4,Mak lurveeeeeğŸ˜ğŸ˜. Cantik gilerrğŸ’ƒğŸ¿ğŸ’ƒğŸ¿. Nanti repeat kaler lainğŸ¤­ğŸ¤­
2024-03-20,a*****n,Cantik nak mamposssss! Tak banyak sangat barang boleh letak tapi saya sukaa style begini. Comey dooh. Sangat recommended ğŸ‘ğŸ¼
2024-03-01,s*****n,comel! But the name should change to beige white as it name is white in the shopee.
2024-02-02,c*****2,"Durability:good
Material:good

åœ¨ä¼˜æƒ çš„æ—¶å€™ä¹°çš„ï¼Œ20++å°±ä¹°åˆ°äº†ï¼Œæœ‰è–…åˆ°ç¾Šæ¯›<3
æŒºèµçš„ï¼Œå¥ˆæ–¯ï¼Œå¯ä»¥åœ¨ä¼˜æƒ æ—¶ä¹°ï¼Œæ¯”è¾ƒä¾¿å®œ"
2024-03-10,zelajalani,"Terbaik.. sangat cantik.. 
Sangat comel.. boleh bawa p mna2.."
2024-02-16,s*****i,Nice. Cantik sangat. Beli untuk malam dinner company ehems
2024-01-19,a*****d,"Material:kulit

Thank you seller, tak besar n tak terlalu kecik just nice..boleh la nak bawa ootd..saya suka ğŸ‘ğŸ»"
2024-01-30,a*****i,Cantikkkk!!! Nampakk mahal gitu. Comel pon comel. Terima kasihh seller ğŸŒ¼ğŸ¤
2024-02-22,_*****h,Cantikkk sgt2 . Terima kasih sgt2 sbb sya mnta tlg pos ASAP. Seller tlg pos hri tu juga. Terima kasih sgt2. Smoga Allah murahkan rezeki selalu. Aamiinn
2023-11-06,puterisnow,"Material:soft leather

Beg cntik .."
2024-02-29,n*****h,Kualiti beg bagus dan berbaloi dgn harga.
2024-02-02,iemaroslan_,bag caantik delivery pon cpt..tq seller.
2024-02-03,nrul.suhadah,"Beg Comel dn cntik.. Fast delivery, tq sellerğŸ¥°ğŸ¥°"
2024-03-14,blqsk,Sumpah cantik kualiti tiptop tak nyesal beli
2023-12-09,s*****.,"Durability:okay
Material:nice

Cute love it ğŸ˜Š"
2024-01-01,qiweevictor30,Kualiti beg cantikkk lurvee sangatt! â¤ï¸
2023-10-29,wiyahasni,The bag so pretty and fast delivery
2024-01-25,jannanaimahmad,"Material:kemas
Durability:pvc

Comel compact je"
2024-02-07,n*****h,FAST DEVELIVERY! THANK YOU SELLER
2024-02-29,faiz.amm,Lawa dan lajuu penghantaran .
2024-01-02,bungaaaaa_92,Good quality.look expensive & cute.
2024-02-25,sitifaridah070,"Material:Good

Lawa gila. Herlokkk.. â¤ï¸â€ğŸ”¥"
2023-11-29,meilintang,"Material:good material

Nice, like it."
2024-03-08,nurhanisahshamsi,Beg okay .. paper bag rosak.. ğŸ¥² kemek.. better
2024-01-27,n*****r,Bag cantik berbaloi beli harga pon okay ğŸ‘ğŸ¼
2024-02-25,aisyahmusliadi,Sgt berpuas hati. Sya suka dgn bag ni
2024-03-18,nurfeziladuan,"Material:leather

Beg sgt cantik overall semua ğŸ‘"
2024-03-10,cixxammiy,beg cantikkk sgt !!! suke betull !!!
2023-11-19,rinarashid,"Material:ok

Comel je handbeg nieâ˜ºï¸i likeğŸ˜"
2023-11-17,n*****n,Beg cantik & nampak mahal â¤ï¸
2023-11-13,sylviaenchirong97,Brg smpai dgn selamat..cantik Dan comel.snagt..
2024-03-04,m*****7,Cantik.  Nampak beg mahal.  Thanks
2023-10-29,n.fatirh,Bag okay sngat cantikk mak luv
2024-03-18,sitiadilah361,beg cntik sngt ii ğŸ¥¹ğŸ¥¹ğŸ¥¹
2024-03-07,sh_0193,cantik sgt mcm bag mahal
2024-01-05,n*****_,kualiti dia saing vincci je ğŸ¥º lurve sangat comel je tpi bole letak banyak barang. nak buat daily bag takpayah beli charles n keith ğŸ¥µ
2024-02-08,wawaaroslie,very very cantikkk!!!! ğŸ¥¹ğŸ¥° thank you seller!
2024-02-28,elaine_chy,"Material:PVC

Good"
2023-12-04,,
2024-03-13,l_angsir,Seriussss lawoo wehhğŸ˜­ğŸ«°ğŸ«°ğŸ«°
2023-11-06,diyanajwanabilanajiha,Material:Cantik tq
2024-03-05,carmenyong426,"Material:good
Durability:good"
2024-02-26,1*****h,"Material:nice

mntopp"
2023-12-09,vanessaavenni,good like it ğŸ«°ğŸ»
2024-03-07,a*****t,love it!!!!!! very spacious and sturdy!!!
2024-02-25,thyawulandari514,Dapat diskaun rm15 time live. Cantek
2024-02-19,m*****i,"Material:xtau PVC mgkin

Cute"
2024-03-10,shuyinng095,å·®ä¸å¤šæˆ‘çš„æ‰‹æŒçš„å®½åº¦ï¼ŒæŒºå¥½çœ‹çš„ï¼ŒRM30ä¹°çš„ï¼Œæ€»ä½“è¿™ä¸ªä»·æˆ‘ä¸è¦æ±‚å¤ªå¤š
2024-01-17,lyn_layyin,
2023-12-02,anisfatnin,
2024-02-11,a*****6,
2023-10-30,sugarglidder,Cantik & worth
2023-12-15,b7fmn06s_w,Cntik comel puas hti
2024-02-09,yayaizya,"Material:not good

ğŸ‘ğŸ»"
2023-11-04,a*****1,
2024-01-07,izzank26,RM0. Peribadikan Caller Ringtone anda dgn CRT Hit hanya pd RM1/CRT dan diperbaharui pd RM2/bulan setiap CRT. Aktifkan Cinta Hatiku (Wany Hasrita) dail *131*767198#. SUDAH (Ara Johari) dail *131*764553#.
2023-11-30,patmaimlanipatma,Material:sangtÂ² bepuas hati ğŸ¥°
2024-01-25,yitianeng,"Durability:good

æœ‰ç‚¹å°ç‘•ç–µï¼Œä¸è¿‡è¿˜æ˜¯èƒ½æ¥å—
å¤–å½¢ä¹Ÿä¸é”™ï¼Œé¢œè‰²ä¹Ÿå¾ˆå–œæ¬¢"
2024-02-22,m*****h,"Material:kemas, cantik

beg cantikğŸ˜"
2024-01-16,feifeilim,æ˜¨å¤©order ä»Šå¤©åˆ°è´§ å“è´¨OKğŸ‘ğŸ»ğŸ‘ğŸ»ğŸ‘ğŸ»
2024-03-07,n*****_,Beg cantikkk..berbaloiii saya sukaaaaaaa
2024-02-16,s*****e,Manteps! Beli laa kamoo kalau minat beg kicik2
2023-12-09,nurulamirah553,Nice bag nih luvğŸ˜
2024-03-08,ayuzieabdullah95,Cantikk
2023-12-11,deiana_rayalli93,
2024-03-13,alyusrilaila,
2023-11-08,sintivia,
2024-01-16,anisarizkiutami868,"Durability:cepat
Material:oke"
2023-11-19,masyitanaser,fuhh heloknyaaa
2024-02-11,latiflangs,"Material:ok
Durability:ok

Terbaiekk...boss"
2023-11-01,nurqasehaida,Material:beg cantik
2023-11-26,w*****n,nice
2023-11-15,nurqisya223,Cute..
2024-01-15,farahuncu,
2023-11-12,eiyka.z,
2023-11-21,bevellahua,
2024-03-03,fatimahazzahrah684,
2024-02-09,zulfadhlie_97,
2024-03-19,iskandarpijoy,"Barang dah sampai, cantik sangat.."
2024-02-15,qasehiftitah,
2024-02-20,i*****a,"Hello seller, I have received my order just now. thank you for your service! I will repeat ordered again in the future."
2024-02-16,nydaniadina,"Buy it for my daughter & she like it very much. Tq seller

Sorry gambar & video tak ada kaitan. Anak dah simpan beg dlm bilik ğŸ¤£"
2023-12-02,e*****a,RM0 TNG eWallet: PERINGATAN nikmati kredit percuma bernilai sehingga RM9 di dalam 'GOrewards > Collections' anda. Tebus sebelum pukul 10 malam hari ini.
2024-03-13,w*****j,"Durability:9/10
Material:9/10

my firstime buying a mossdom bag and itâ€™s worth it! might repeat again and thankyouu"
2023-12-30,nadiahmohdnoh,Beli sebab bagi hadiah kat kawan cantik gilooo tak menyesal beli ğŸ¥°
2024-02-13,y*****5,"good, style and looks high grade, will support again"
2024-02-29,a*****4,"tali bag (tanpa butangkan kat paku dia)= 50.5cm

paling panjang tali bag lepas butangkan dia= 41.5cm

lebar tali bag = 1.5cm

lebar bag = 6.5cm

panjang bag = 23cm

overall colour ni mmg cantik, warna cream, material bukan leather, so tak yah takut terkopek je apa, if kena air, okay je rasanya. warna gold bag pjn tak nampak murah. bag ni nampak classy tak nampak murah. thats the good things. delivery pon cepat gila, dapat card return if nak return. mmg cantik bag ni, just kalau besar sikit, mmg berbaloi. for me bag okay, but agak kecik, muat 3 barang besar, saya letak iphone 13, hand fan jisulife dgn seaglora purse je. lepas letak 3 barang ni, tak lepas nak letak any small items macam lipstick ke mascara ke. zip pon masa bukak , smooth je, but bila nak zip tutup, sangkut2. sesuai untuk raya or occasion yang guna that particular day je, tak sesuai untuk daily ataupun nak gi tempat yg kena bawak banyak barang. sesuai for ootd"
2024-03-06,a*****a,"Material:pvc I guess , good la for the price
Durability:good sturdy got shape not flabby

Been using it for quite some time. Can match into any outfit. Almost the same size as my samsung tablet but the tablet cannot fit laa. Just fit a phone small wallet and some small stuff. Just the right size"
2024-03-06,s*****a,"Durability:havenâ€™t tried yet
Material:very good

The bag is really nice and pretty. Despite the cheap price the quality is really good and have quite a big space. Will repeat another handbag from this shop"
2024-03-05,muhyiddinzaqi,"Durability:cantik
Material:oke

Barang sampai dengan selamat, material oke padan dengan harga nya, beli untuk istri biar ada senyum sikit.
Thank you seller dan abang shopee."
2024-01-30,irfndrwsy,"Di zaman sekarang, trend â€˜online shoppingâ€™ semakin mendapat tempat dan menjadi pilihan popular terutama buat generasi muda. Memang mudah sebab anda hanya perlu â€˜browseâ€™ website dan setelkan bayaran hanya di hujung jari sambil bersantai di rumah."
2024-03-24,f*****f,"Durability:not sure
Material:rubber

Super fast delivery. 
Warna cantik
Kecik molek 
Quality sesuai dengan harga
Dapat dengan harga RM 25 not including postage."
2024-03-06,jiya82,"Durability:ok
Material:ok

Beli tuk anak.. harap anak suka... walau lambat sampai p xpa nak pakai raya nanti...akan order g..tq"
2024-03-19,acylsyaq,"Material:like expensive material
Durability:good

Bought this during live for cheaper price.  Can fit 8 inch phone, long purse, lipstick, cushion foundation, car keys. Basically everything ğŸ˜Œ ğŸ˜Œ"
2024-02-28,a*****f,"Durability:good
Material:good

Team, important reminder on forklift. Do not exchange forklift ownership with other driver unless with management approval. Do not allow others to drive your forklift especially member without license. Failure to follow will result in disciplinary action."
2024-03-11,i*****a,"Durability:harap bertahan
Material:leather

Alhamdulillah selamat sampai ke Sabah. Bag sangat cantik. Kali kedua pembelian dengan seller ni. Semua dalam keadaan yang baik dan tiada sebarang kerosakan. Bolehlah bergaya di hari raya nanti. Terima kasih seller."
2024-03-16,n*****a,"Real life warna lagi pekat. Mcm kelabu koko mcm tu. Warna beige ke ape. Khaki mcm kuning2 kan. Haa ni mcm beige yg ke kelabu koko tu.. 

Even salah select, patutnye putih. Tapi puas hati sbb mmg aim yg ni jugak. Lawa lagi dari putih. Putih beg awam sbb ramai pakai."
2024-02-23,s*****n,"Material:pu leather
Durability:durable

Lawa. Rasa berbunga bunga hati dapat parcel. Lama dah tengok2 akhirnya beli jugak. Sangat lawaa. Maybe akan beli warna lain lagii"
2024-02-15,f*****i,Bag cantik sangat . Penghantaran pun pantas . Bag pun keras tak lembik . Sama seperti dalam gambar ğŸ’•ğŸ’•
2024-02-10,a*****a,kainnya tebal. memang nampak berkualiti. beli time live dapat murah banyak heheh
2024-03-06,nurmasayu96,"Durability:Looks and feels sturdy and excellent material
Material:Nampak exclusive

Bought during Live for only RM 29.19 !!!  Totally worth it !! Cantik gilaa tak sabar nak pakai â¤ï¸"
2024-03-06,mkskinbeauty,Beg cantik comel.. material tak lembik.. sesuai untuk anak dara remaja..
2024-03-10,nrfaizahmajideiza,"Durability:baikkk
Material:sangat baikkk

beggg cntikkk sngtt2. .puas hatii belii. .nnti nk repeat lgii. .pnghntran pon lajuu. .ğŸ‘ğŸ»ğŸ‘ğŸ»"
2024-03-22,assyiqin,Finallyyyyy dah smpaiii beg rayaaa!!! cepat gilaa smpaiiii pantassss terpaduuuâ¤ï¸â¤ï¸Mantekkkkkk!!!! mmgggg Cantikkkk gilerrrrrrssss!!!! ğŸ˜ğŸ˜ğŸ˜ Beli masa live ya Allah host pun baik sgt2 layan je karenah customer. dah teracunn dgn host grab beg nii hehehe im lurveeeeğŸ«¶ğŸ¼ğŸ«¶ğŸ¼ğŸ«¶ğŸ¼ mmg tak menyesal lah belii kualiti punn cantikkk paduu terokkkzzz!!! ğŸ¥°ğŸ¥°
2024-03-04,b*****c,Ingatkan ruang dalam bag besar . Dah try letak wallet dan hp hampir penuh sikit ruang
2024-03-05,syazwanisafian1996,"Material:good material
Durability:durable

Simple design with simple style. ğŸ‘ Item arrived in good condition and quality. ğŸ‘"
2024-03-19,s*****a,"Durability:ok
Material:ok

Beg sampai dengan baik.. cantik sangat tak rugi beli walaupon harga murah tapi cantik.. terima kasih."
2024-03-05,sopianmt,Terbaik seller ni. Penghantaran yang cepat dan kemas. Patutlah ramai orang yang beli dengan dia. Mantap
2024-03-07,chiyenkhor,"Order placed : 5Mar @ 9:30pm
Item Received : 7Mar @ 4pm

Purchased during sale for RM30 (including delivery). 

The best way to describe the quality - it is something of similar to Vincci. It does not feel like those cheap bags & the material used feels good, not thin & honestly looks really good. 

Highly recommend to purchase the price is such a steal for such quality."
2024-02-09,bellalunaluncas94,Tak besar sangat tak kecik sgt. Warna hitam mmg ngam dgn semua
2024-02-03,n*****l,Cantikk sangat. Beli untuk kawan sebab kita sula beg tu. turns out kawan saya suka sangat sangattt. Korang kena beli!! ğŸ˜ğŸ˜
2024-03-15,l*****e,"Material:leather
Durability:great

So worth it. got this at Rm 33. pretty nice. very high quality for a bag under 50 ringgit."
2024-03-19,faizalbarca,"Material:good
Durability:ok

Fast delivery good quality terbaik shipping laju ğŸ‘ ğŸ‘"
2024-03-23,fathinharyanni,"for the price, sangat affordable ya with the quality. tak nmpak murah langsung."
2024-03-05,n*****i,Beg cantik .. harga yang murah n berkualiti .. penghantaran yang cepat.
2024-03-07,w*****a,"Material:leather

lawa gilaaaaa ğŸ˜­â¤ï¸ suka sangattt , packaging dia pun lawa tau . beg pun tak besar sangat tak kecik sangat , muat la nak letak purse phone barang makeup sikit semua tu kan . overall memang puas hati gila kita tak menyesal grab warna hijau ğŸ¥³ fast delivery ! sangattt recommended !! thankyou seller ğŸ¥°"
2024-03-13,syakinashahira,"My bag already arrived. Cantik and kualiti pun not bad. Semoga boleh tahan dgn lama beg ni  hehehe ğŸ˜ Tq seller, pos barang pun cepat. 11hb order, 13hb dah sampai. Thank you again â¤ï¸â¤ï¸"
2024-03-23,shooniesha,Cantikk putihh. Saya sukaa. Buat rayaa. Thank youu so muchh
2024-03-25,nuraidara,"Material:so good
Durability:ok okla

Smpai dgn cepat tpiiiii kecik plk hmmm diluar jangkaan plk ingt besar sikit ğŸ¥²"
2024-03-17,j*****h,"CANTIKK GILORSSS GUYSSS KORANGG WAJIB BELIII. PAPE PUN LOVEE .
MATERIAL PUNN OKAYY. DIA JENIS YG KERAS KERAS TUU ."
2024-03-23,n*****h,"Durability:ok
Material:nice

Barang dah sampai , semua cukup , saya beli ,  terima kasih ğŸ‘"
2024-03-17,elynna02,"Durability:tough
Material:good? pu? leather?

its good i love the quality as its not soft !! also rlly cute"
2024-03-13,nadi.co,"Material:kulit
Durability:7/10

Tak try lagi. Simpan untuk raya. Harap2 boleh tahan lame. Asyik keluar dekat fyp tiktok je kn."
2024-03-24,d*****n,"beg cantik sngt uols , jahitan kemas, memng nmpk mcm mahal , auch"
2024-03-17,rohayah8,bolehlah kena dengan harganyaâ€¦ penghantaran ambil masa.. warna memang pilihan yang tepat..
2024-03-18,adeksue95,Love sangat cantik beg sis suka comel jeee terima kasih sis beli yeeeğŸ«¶ğŸ»â¤ï¸
2024-02-29,n*****i,Macam bag mahal!! Berbaloi gila beli. Not bad nampak je kecil tapi boleh masuk banyak barang.
2024-03-17,w*****i,"Material:mantap
Durability:tahan

semua ok saya suka seller ni pos cepat dan laju good"
2024-02-16,haziammulani,"Lurve sgt handbag ni. Material, colour sangat cantik. Jahitan kemas, tiada kerosakan pada bag. Bag murah tp nampak mcm mahal."
2024-03-17,wannorhidayah95,"Durability:tahan lasak

cantik and nampak mahal.. sesuai laa bawak jalan2.. cuma putih kene pndai jaga.."
2024-03-21,kakyongfrh,"Material:pvc
Durability:mantapppp

Seriously beg cantik giler, rasa tersangatlah puas hari..rugi lah korang tak grab 1..cantik giler gaisss"
2024-02-27,auni_bell98,"Durability:nampak macam boleh tahan lama nih.
Material:pu leather

Beg tak lembik. Warna putih cream, nice.. kualiti terbaik, dah macam beg vincci ğŸ¤­ruang dalam pun boleh letak walet kunci kereta makeup sikit. Beg ringan, Semuanya cantik berbaloi dengan harga. Laju betol delivery , baru order semalam, harini dah sampai. Terbaik seller. Thank you sellerğŸ‘ kasi 10â­"
2024-03-12,v*****i,"Material:good
Durability:good

Maaf gambar tiada kena mengena. apa pun beg memang cantik . Recommended."
2024-03-13,s*****a,lurveeeeeee suka sangat cantik hehe belikan untuk member birthday diaaa
2024-02-19,a*****z,"Durability:pu leather

Terima bag tiada defect, beg comel boleh masuk purse pendek & iphone x. Thanks dapat harga murah masa live â¤ï¸"
2024-03-21,q*****e,"Material:leather
Durability:9/10

lawa material dia love, tapi kecik sikit lah, tapi cantik jangan risau, untuk simpan duit raya muat lah ni heheğŸ«¶ğŸ»"
2024-01-16,f*****n,"Material:tak tahu lah haha

Lawaa gilaaa, bergaya nampak elegant gituu, berbaloi sgt dengan harga, beg ni sesuai untuk yang jenis tak suka bawa banyak barang"
2024-03-22,i*****_,"Material:okayy
Durability:okayyy

Best dan berpatutan. Boleh guna untuk raya wehuuu"
2024-03-03,aisyahzulaikha94,"Material:pu leather

barang dah sampai , muat la untk wallet kecik dan fon ,"
2024-03-16,m*****a,Nice colour. Love sgt. Ruang dlm dia pon ok la blh ltk wallet handphone. In love pulak dgn design half moon handbag ni
2024-03-20,b*****g,"Durability:unknown
Material:pu leather

1st time beli from this seller. Barang cantik dan murah. Terima kasih."
2024-03-16,shafiqahlah,"Durability:ok
Material:ok

Kan bagus tulis beige white. Tak la rasa tertipu sgt ğŸ˜Œ. Ni kasut da putih betul. Beg pulak mcm krim2 haihhh."
2024-02-24,a*****.,"alhamdulilah barang dh sampai , delivery pun pantas , saya sukaa, beg cantikk sangat, beli beg untuk raya"
2024-03-03,nrfaza,Thank you sellerğŸ¥°ğŸ˜ baru semalam check out. Barang hrni dh smpai heheheğŸ¥° seriously cntik sangattt. ğŸ˜ saya suka
2024-03-21,1*****y,"Material:good
Durability:not tried yet

Safely arrived with good condition...
Nice handbag so can used it for raya...
Tq seller ğŸ‘ğŸ»ğŸ‘ğŸ»ğŸ‘ğŸ»ğŸ‘ğŸ»ğŸ‘ğŸ»"
2024-03-17,reensyaz,thankyou so much ğŸ‘ğŸ»ğŸ«¶ğŸ»ğŸ˜ kualiti mmg terbaekk tapi kaler dia bukan putih ğŸ¥¹ but itsokay ğŸ«¶ğŸ»
2024-03-22,filzatyamin,Tersangat cantik yaa . Zip tak tersekat sekat . Paling muranh pernah beli
2024-03-10,a*****a,Everything okay . Beli untuk pakai raya . Tak sabar raya walaupun duduk rumah je
2024-02-20,d*****0,"Material:SSSSOO GOOODDD
Durability:9/10

same color as shown, very fast delivery, very minimalistic, not too big and not too small, fit for important needs!! LORVEEEEE !!"
2024-03-17,n*****5,Beg cantik gilaaa tak menyesal beli.. cuma lain kali better balut guna bubblewrap sebb seller bungkus macam tu je hehe.. beg nampak macm beg mahal tapi harga mampu milik.. beg muat letak 2 fon dan 1 dompet.. laju gila sampai.. hari yg ke3 order dah sampai
2024-03-02,h*****n,"Material:faux leather

Cantikk,  tak besar sangat pun, just nice. Thank you."
2024-03-21,a*****o,Beli untuk orang.. sangat cantik .. selesa sgt pakai hehe.. sorry vid tak de kene mengena
2024-01-31,kkommpd2ya,"Durability:okey
Material:cantik sangat

lawa gila beg ni sebb nmpk mcm beg mahal dhla hrga murah nak mmpos ! lurveeeğŸ’‹"
2024-02-25,q*****y,"Material:bestt

Penghantaran cepat sngt, Korang patut beliii, lawa pulakk tuu, boleh la pakai untuk ootd raya nntğŸ˜"
2024-03-21,h.hcloset,"Durability:ok
Material:ok

Size just nice. Color cool. Delivery ok."
2024-03-13,n*****a,"Durability:idk tp mcm ok
Material:lather

Cantek beg ni, beli masa live jd dpt murahh,, agak kecik tp still ok bagi sayaa, beli nak pakai masa raya nantii"
2024-03-24,d*****i,"Durability:Good
Material:Good

Sangat recommend kedai ni"
2024-03-11,h*****3,Barang sampai dlm keadaan ok. Takde yg pecah. So far service ok
2024-03-23,aisyahhbal,"Durability:strong
Material:not sure

Small, just nice for event. Thank you seller"
2024-03-20,e*****a,"Penghantaran cepat, tpi masa smpai tu, packaging tu bukan dlm kotak, just dlm paper bag, agak sedikit kecewalh, sbb beg tu ad sdikit kesan kena tekan. But overall yg lain okey, just packaging je."
2024-03-13,frsha20_,thank u seller bag cantik sangat tak sabar pakai raya
2024-03-11,amerzafran76,Memang terbaik laa seller ni barang berpuas hati sangat sangat
2024-03-20,aqielasoffya329,"penghantaran pantas , kualiti beg macam beg mahal tau , beg ni sumpah cantik korang boleh muat banyak barang jugak very recomended"
2024-03-21,a*****a,"Material:Good

The bag is in good condition and looks like an expensive bag."
2024-03-07,n*****3,"Chantek! Even if the price is cheap, but look at the quality, it's expensive. Thank you seller ğŸ™ŒğŸ»ğŸ˜˜"
2024-03-23,f*****8,"Durability:It looks like a good quality bag.

It's my 1st time buying this brand of bag. Look like, other branded bags. So cantik. I likess!"
2024-02-06,g*****a,"Sangat2 cantik, mak lurve sangat. Nak grab lagi lepas ni tapi kaler lain. Srsly comel dan harga berpatutan. Mampu milik. Penghantaran pun superb"
2024-03-18,staffzampt,"Durability:cantik
Material:kualiti shopee up sikit

Ok la dengan harga.. design cantik . Maybe material kurang sikit tp.still cantik"
2024-03-16,c*****z,"Durability:Excellent!!

Took 3 days after purchase to received the item.
Sumpah cantik. Nampak macam bag mahal!!
The design is cute so I couldnâ€™t help but to purchase it.
Jahitan dia pun kemas! Thank you seller for the secured packaging. Delivered to me in a good conditionğŸ’—"
2024-03-13,f*****h,Cantikkk tak sabar nak guna nanti bila2 laa sebab kita jarang pakai handbag!
2024-03-04,marizantengah,"Condition terbaik.. kaler cantik, fast shipping, recomended.."
2024-02-17,solehahahaaa,"Durability:good
Material:best, lembut tak kejung

Worth the money and quality. Material feels soft and colour is true to the ads shown. Definitely going to repeat buying another one in different colour. 10/10"
2024-03-17,a*****7,Cantek nyee beg ni dah comel ğŸ˜ğŸ˜ğŸ˜ love it so much ğŸ¥°ğŸ¥°ğŸ¥°â¤ï¸â¤ï¸â¤ï¸
2024-02-21,9k28sjm7q5,"Durability:sangat Good
Material:Good

Suka sekali But Sorry Tak boleh tunjuk foto sebab i Giftkan Ke teman hehehe"
2024-03-19,illiyanasyafiqah,"ya allah lawa gilee wehh beg ni ğŸ˜­ğŸ«¶ğŸ» , tk rugi belii , korang beli laaa , tk menyesal kalau beli â¤ï¸â¤ï¸"
2024-03-20,a*****n,"Material:pu leather
Durability:durable

satisfied purchase. perfect size for should bag. got 1 open pocket compartment and 1 zip compartment inside"
2024-03-14,shunjoney,"The bag is big
Gooddddd
Material bag is fineeeeeee"
2024-02-26,tiqaluv1234,"Material:Nice

just recieved my parcel today ! Really love the material , the price really affordable for a good quality bag ! Beli cepatâ¤ï¸â¤ï¸"
2024-03-04,nailove512,"Durability:ok
Material:cantik

sya puas hati nnt bleh order lgi...ğŸ˜Š"
2024-02-29,z87mypd9kv,"Material:Good
Durability:Good

Premium bag with cheaps price ğŸ˜­ğŸ˜ğŸ˜ğŸ˜ğŸ˜ğŸ˜"
2024-02-03,hammadimran_,"Material:Very Nice
Durability:Good Recommended

Quick Delivery"
2024-03-15,b*****t,Beg tangan cantik sangat ğŸ¥°ğŸ’ Thanks penghantaran nya ğŸ˜˜â¤ï¸
2024-03-21,s*****4,"Durability:Harap tahan lama
Material:Tak tau

Penghantaran sangat cepat. Barang juga sampai dalam keadaan baik. Cantik dan saya sangat sukağŸ‘ğŸ‘"
2024-03-22,khrlnaim3677,"Durability:fast shipping
Material:gooooddd

my sister so likeeeeee"
2024-02-19,x*****.,"Everything looks great.
Good size and shape, perfect for simple outing use. Match with daily outfit too."
2024-03-09,ihsanwadi624,"Material:bagus
Durability:simple

Peking kemas pengiriman pun pantas cepat laju thanks seller ğŸ‘"
2024-03-17,s*****8,"Material:nicely done!!

veryyyyyyyy cheappppp forrrr theee nicee qualityyyy!! ğŸ˜­ğŸ˜"
2024-03-17,hanahana837,Alhamdulillah barang sudah sampai terima kasih sangat memuaskan dan cantik ï¿¼
2024-03-22,nurhayah_hayah,Alhamdulillah beg dah sampaiâ€¦cantik ngam dengan hargaâ€¦saya beli
2024-03-21,tanganjel_22,Durability:tq barang sdh smpai lawa sgat puas hatiğŸ‘ğŸ‘ğŸ‘ğŸ‘
2024-03-21,nikrania,"Material:leather
Durability:nice

omg sangat cantik. i really like it. well packaging"
2024-03-16,e*****i,barang dah sampai ke srwk dengan selamat thankyouu nnti repeat lagi
2024-03-21,erlynnn,"Material:nice
Durability:nice

Sumpahhh lawaaağŸ˜â¤ï¸ğŸ«¶ğŸ»"
2024-02-08,munahanim9798,"Durability:boleh tahan
Material:pu leather

Beg sampai dengan selamat. Cantik. Jenis pu leather. Beg saiz tapak tangan, kecik dan elok untuk yang tak suka bawa barang banyak. Beli masa live jimat banyak. Overall nanti boleh repeat lagi."
2023-12-28,n*****a,camtik sangat.. nampak beg mahal taoi harga murah jee berbaloi sangat sangat...
2024-02-03,f*****9,"Material:okey la
Durability:good

Quality worth the cheap price, fussy buyer please dont buy it u might be disappointed with the quality. Overall good for the price"
2024-03-18,wankajang,Beg berkualiti. Harga affordable.
2024-01-17,a*****y,Material:good
2023-10-26,elsamanorasitanggang,Cantik gileğŸ¥° nanti repeat order lagi
2023-12-07,rabbekaeka,Cntk sgtğŸ¤©
2024-01-16,odpqkpa3ag,Durability:terima kasih cantik. ğŸ‘ğŸ¥°
2024-02-14,syieracan,Cantik dan puas hati ğŸ‘ğŸ‘
2023-11-17,i*****l,Cantikkk mcm premiumm
2024-03-20,a*****a,
2024-03-04,a*****0,
2024-02-08,wanasafwanah,Item received..good quality..jahitan kemas..tqsm
2024-03-19,b*****4,Kualiti setimpal dgn harga.
2024-02-16,iamnashiraliyar,"Material:Kualiti bagus
Durability:Terbaik"
2024-02-15,azurasyah1,"Material:cantik
Durability:sangat baik"
2023-12-04,mohamad_fakhrul_afif,"Durability:good
Material:good"
2023-12-25,engellaeva1506,"Material:good
Durability:nice"
2024-01-03,bietahbuzz,"Durability:good
Material:ğŸ‘"
2023-11-03,t0cehf9l8z,"Durability:sangat memuaskan
Material:good"
2023-12-14,anisasitumorang123678,"Material:good
Durability:good"
2024-03-04,epulb6ggah,"Durability:Good
Material:Good"
2023-11-07,afiqahaklan,"Durability:cantik
Material:Good"
2024-03-11,nurulhudarsln,"Material:good

love it"
2024-03-07,dayahbunari,"Durability:good

Good looking"
2024-02-12,sitiainiawang,Sesuai dengan harga
2023-11-27,lina_jsm90,"Material:cantik sangatt

Repeatttt"
2023-12-30,sarmiira,Fast shipping
2024-03-05,h*****g,"Material:good

ğŸ¤©"
2024-03-10,haiqalnurjihan,Fast delivery
2023-12-03,junita_simanjuntak,Material:Good
2024-02-27,oc23c_mry5,Material:good
2024-03-16,ejv30r62t1,Material:good
2023-10-30,37sm1t5izp,Durability:sangat memuaskan
2023-11-06,fadillamj69,Material:original
2023-12-05,o9ye5w4aqx,
2024-03-02,balqis160410,Beli untuk anak2 dara nak melaram time raya
2023-12-18,misschiko,"Cantik ,mcm dlm gambar ...love sgt ..."
2024-03-06,ndrhdyna,a little bit defected but it's okay
2024-01-11,salina_yeli1233,tjhdiljhhyhg bu. Hyc nkhg ngcf jgs
2024-03-04,nursyafikahahmad,Cantik sngttt . Maaf takde gmbrrrr
2024-01-15,mxsdlph,"Durability:Kemas

Lawa mcm beg mahal"
2024-03-07,syurac4ntik,lawa weyy korang kena beliii
2023-12-27,norhaidabulin,"Material:ok
Durability:ok

Beg cantik"
2024-02-27,cik_cha,"Material:ok
Durability:ok

tq seller"
2024-02-29,n*****l,"Material:As stated
Durability:Quite durable"
2023-12-08,asmidar_mokhtaruddin,Ok sangat handbag nya...cantik.
2023-12-11,velerinbelle,rupanya kecil jaa ğŸ˜‚
2024-03-13,nurulsofeana,Lawaaaa sanggat berpuas htiâ¤ï¸â¤ï¸â¤ï¸
2024-03-12,zsgaleri,Bag nye best gileeer...
2024-02-07,mimiejaafar935,Beg sama dalam gambar
2024-03-16,nursumayyah709,Beg sgt laws comel
2023-11-01,hayati79,Amat berpuas hati.. cantik sangat
2023-11-01,6zwb2fir25,"MewaaaahğŸ˜ğŸ˜
Sangat""?? cantik sye sukağŸ˜ğŸ˜"
2023-12-22,kieraheyra,nice.. like it
2023-11-09,azilah10,lawaaaaa macam handbag mahal
2024-01-24,indrianitarigan370,Durability:bag Lawa lahh
2023-12-16,nurazlina04,Sangt cantik...berbaloii sangt
2024-03-13,zackzocco79,cantiikkkk.. anak sukaaa!!..
2023-11-20,mrs_toamas,Penghantaran sangat lambat
2024-02-05,jacobsapollo,bag lawa dooh
2024-03-17,orangsabahba,cantik sangat ğŸ˜ğŸ˜ğŸ˜
2023-11-05,berlynchandria,I like it ğŸ¤—
2023-11-16,mhsp03,too cute ğŸŒŸğŸŒŸğŸŒŸğŸŒŸğŸŒŸ
2023-11-08,shrifhnrulzhidh,Cantik sangat.luvs teruk
2024-03-15,effarezan22,Durability:Good condition
2024-03-05,teyha.ahmad,Beg cantik
2024-02-03,pikalya,Durability:sangat cantikğŸ˜˜
2023-11-07,idanoorizan,Cantik..will repeat againğŸ’“ğŸ’“ğŸ’“â¤ï¸â™¥ï¸
2024-03-19,ctyhanie,beg cantik..
2024-02-22,areeeee10,Sangat cantik
2024-01-30,qr3wms_mwh,cantikk sangatttğŸ˜ğŸ˜
2024-03-19,azrianajim672,Santikkk sngattttt
2024-03-14,bbyriynriynaa,Cantik sangat
2024-03-04,nitachotprawit,So beautiful
2024-01-23,jannyseli,Love ittt
2023-12-06,anneymasumbi,Recommended ğŸ¤©
2023-12-02,shimaqin98,Cantikk sangatğŸ˜
2023-11-28,sunny_bunnies,Material:love it
2024-02-07,noriahnoraykal,cantik
2023-12-20,ida.ishak.ms,bagusss
2024-02-27,azimarabdullah,tqvm
2024-01-24,hazwani_93,good
2024-03-12,aliea_96,Cantik
2023-12-15,megumi8999,Durability:å¾ˆå¿«åˆ°è´§ğŸ‘ğŸ»
2024-01-12,davidtan9733,goodğŸ‘
2024-02-17,nursyakinaaniputri,Durability:bagussss
2024-03-20,b*****7,lawa
2024-03-20,zazareeaay,Good
2023-11-01,amylira,Lawa giler
2024-02-11,norhayatunnufus,Terbaik
2024-03-02,nurkhansattar,Durability:cantikk
2024-01-10,pudidiperjuangan355,gooodddğŸ«¶ğŸ«¶
2024-03-02,sonitaali149,Cantik
2024-03-04,norhalizaisa718,Cantik
2024-01-08,jennylintan,Baik
2024-03-02,piterlang,Baik
2024-02-24,oceanella_shophouse,Oklahhh
2024-03-10,syazanaxx,cantikk
2023-11-20,pyannensemm,Cantik
2023-11-03,zaidanalfaky,Cantik gilerrr
2024-03-07,ariesha.ali,Mantap
2024-03-23,zuradhiya,
2024-02-29,n*****3,
2024-03-06,moganaanand,So cute and pretty ğŸ˜
2024-02-29,azamaiyy,
2024-03-15,ichamambang,Bag cantikğŸ¥°ğŸ¥°
2024-03-25,norhilinjulaming,"Material:ok

Beg cantik ğŸ˜"
2024-03-18,y*****f,
2024-03-12,fatinamirahishak,Cantikk. Tqsm!
2024-02-20,s*****5,ğŸ˜ğŸ˜Small but VALUE for $
2024-03-05,azzahra_66,"Durability:ok nice
Material:nice

can buy"
2024-03-02,a*****i,Cantikk
2024-03-23,nadeyyrah,Durability:ok
2024-03-13,linda_1299,
2024-03-25,hidayah_saffie,Penghantaran pantas
2024-03-16,zuratikahsabri,"Durability:tak sure
Material:tak sure"
2024-03-25,i*****9,
2024-03-04,rositasintasinta,
2023-11-08,mukarramaaaaaaa,lawaa
2024-03-15,nisbaidah,Knp cam colour coklat bkn kelabu
2024-03-18,nasyitahesm,
2024-03-21,cikteh96,"Beg cantik, just nice je. Terletak elok"
2024-01-10,sidah1094,Good
2024-02-13,o*****m,"Material:xpsti butt syuantikkk

5starrrr"
2024-02-15,sakurasakura738,Terbaik kualiti dia.. Suka sangat â¤ï¸â¤ï¸
2024-03-21,shafiqasubhi,sumpah cantik
2024-02-29,ainulhana875,sangat cantik dan pghntrn cpt..
2024-03-23,s*****e,Material:Good quality.
2024-03-18,i*****r,
2024-02-13,shikin_980711,
2024-03-20,wendykassim,"Material:good

ğŸ¥°"
2024-03-22,arlynlyn031,"Material:tqz
Durability:100%â¤ï¸"
2024-03-18,althafadhyasta417,Comel sgt
2024-02-06,j*****_,
2024-03-08,a*****y,srs cantek ğŸ˜
2024-02-28,s*****.,
2024-02-07,a*****6,
2023-10-23,miko2188,
2023-12-04,r*****z,
2023-12-03,ctnur91,
2023-12-04,rosveronetandyveralala,
2023-12-04,allyciaa_wong,
2023-12-04,l*****o,
2023-12-10,harihaz2603,
2023-11-14,jacquedjsantah,
2023-11-19,abduasn,
2023-11-20,0905chiaki,
2023-11-21,ipaiiiiii_,
2023-12-02,i*****e,
2023-12-02,faizatulanis,
2023-12-02,dynetanesha,
2023-10-29,n*****0,
2023-11-01,s*****i,
2023-11-03,shannshaniya,
2023-11-02,aaaidatul,
2023-11-03,a*****i,
2023-11-03,z*****7,
2023-11-08,shah_naqibah1990,
2023-11-08,preloved_by_fatinbakery,
2023-11-07,skhalijah,
2023-11-09,amira05041414,
2023-11-12,a*****m,
2023-11-12,_killa,
2023-11-16,eiyeiyizz,
2023-11-13,m*****6,
2023-11-22,nuruhayati3876,
2023-11-24,crystalbejau,
2023-11-30,ezaidazakaria,
2023-11-27,ayunye,
2023-11-26,nor5044,
2023-11-29,reduanghafar17,
2023-11-25,glucosemanis,
2023-12-29,azimzahurin,
2023-12-07,lyec2510,
2023-12-18,ainnatasyaaa_,
2023-12-15,sbaza,
2023-12-23,linda_rich_enterprise,
2023-12-21,nrlntsy.z,
2023-12-19,hamidahmahamud,
2023-12-19,alyamatlazim95,
2023-12-24,fatinfarha_,
2023-12-31,n*****5,
2023-12-30,beautyskinshop_,
2024-01-01,k*****n,
2024-01-04,clarraann,
2024-01-06,eftehia.co,
2024-01-07,fatin_anisa57,
2024-01-10,vcelynn,
2024-01-12,mohamadmuhsin59,
2024-01-13,ccm9683,
2024-01-15,elle89,
2024-01-16,azlynnasil,
2024-01-20,kenny_foo,
2024-01-17,sayaalifakram,
2024-01-19,m*****e,
2024-01-18,shuazurakairul,
2024-01-21,norainiahmad90,
2024-01-23,oohcasmj,
2024-01-24,eynacicanot,
2024-01-24,noradilahah,
2024-01-24,a*****i,
2024-01-25,sitipaudziah,
2024-01-25,msdnoso,
2024-01-28,n*****d,
2024-01-30,hyymy,
2024-01-30,rabiatul_hadawiyah,
2024-02-04,hadifahsabri,
2024-02-01,king3492,
2024-02-01,nurshahidarosli,
2024-02-03,n*****4,
2024-02-03,tyrakhrl,
2024-02-02,alepaiman,
2024-02-03,nuruljannah13888,
2024-02-04,n*****i,
2024-02-06,sitimanizamat,
2024-02-06,a*****i,
2024-02-06,n*****8,
2024-02-06,cik_izua94,
2024-02-06,afifahkamely,
2024-03-13,masyenzara,
2024-03-14,fieza_azman,
2024-03-14,zai.ton,
2024-03-15,azmynkhairyy,
2024-03-05,izzfatenna72,
2024-03-06,mrssnow69,
2024-03-05,rina5621,
2024-03-06,sumayyah3010,
2024-02-29,gardies.co,
2024-02-08,fatinharun92,
2024-02-08,a*****a,
2024-02-07,syazlatiff,
2024-02-07,nysaapiz,
2024-02-07,munirazafrannn,
2024-02-09,anneyunos,
2024-02-08,nursyafiqahsuradi,
2024-02-08,a*****h,
2024-02-09,nursyezhliana,
2024-02-11,nuzulzati,
2024-02-09,f*****3,
2024-02-13,marwaabahirah,
2024-02-16,zalehamz20,
2024-02-12,a*****_,
2024-02-12,ellisty,
2024-02-14,rosilarazali,
2024-02-17,a*****2,
2024-02-17,aliaa2102,
2024-02-19,craftyswan_,
2024-02-19,jeremyujang1,
2024-02-20,megmac,
2024-02-20,lina_jsm90,
2024-02-20,azra6893,
2024-02-22,rohaidah00_,
2024-02-22,aisy111,
2024-02-21,azurasam,
2024-02-21,jazzlyne97,
2024-02-23,m_qaiyum,
2024-02-24,lyssamuthar88,
2024-02-24,ieyra.j,
2024-02-24,nurhul90,
2024-02-26,elynfarizwan,
2024-02-27,r*****r,
2024-02-25,melindachelsea,
2024-02-29,fatinm94,
2024-02-29,mohdnizammdsharif,
2024-03-01,qa_caramels,
2024-03-01,farred_azrom,
2024-03-02,tuanleka,
2024-03-02,fatihahrr,
2024-03-02,noraisah98,
2024-03-02,_johanjohar,
2024-03-02,amandagrand,
2024-03-03,iman_chukie,
2024-03-03,izzatirahim__,
2024-03-03,nurulnajihahanis,
2024-03-02,n*****z,
2024-03-04,nabila.ghazali,
2024-03-04,sitihanisahmohamad,
2024-03-05,azneeda.thoha,
2024-03-07,zallyz_81,
2024-03-07,aaminul,
2024-03-07,maslisuryani,
2024-03-09,beautyell_shoppeonline,
2024-03-09,suriani198487,
2024-03-09,iffarosli_,
2024-03-08,dianaemang,
2024-03-08,atikahmarkom,
2024-03-08,fidadamia,
2024-03-08,riedzuan250409,
2024-03-09,dianaelisha,
2024-03-09,s*****y,
2024-03-09,mari7576,
2024-03-10,nakmal951,
2024-03-10,sueohhsuesue,
2024-03-10,wanahalim1993,
2024-03-10,judin_2633,
2024-03-13,nurulsaidah0209,
2024-03-12,hamidah_rahim93,
2024-03-13,nurulnadhirah98_,
2024-03-13,durajahari,
2024-03-16,s*****_,
2024-03-17,intannurbaiduri10,
2024-03-18,stonecoldmmc,
2024-03-18,shakina11,
2024-03-18,sherpark,
2024-03-19,daksyam,
2024-03-18,syhsss,
2024-03-19,kedairuncitmuwara,
2024-03-20,nursyahilaabutalib,
2024-03-19,aqilah0501,
2024-03-18,aliahanif,
2024-03-19,luke4,
2024-03-19,momadriana,
2024-03-19,ieyda1986,
2024-03-19,azikha14,
2024-03-20,zielamahmud,
2024-03-21,l*****1,
2024-03-22,nabilahabdullah69,
2024-03-22,n*****i,
2024-03-21,n*****h,
2024-03-24,harrisasri0,
2024-03-25,fitrirozaireen98,
2024-03-03,emalruzani,
2024-01-08,achik2119,
2024-03-05,wxrth,
2024-03-14,faizolmein,
2024-02-29,aishahfoad,
2023-12-02,lauaray,
2024-03-22,iranathirah,
2024-03-11,s*****6,
2023-12-30,dygnoritaita,
2023-12-18,nasinahmad,
2024-03-01,roslidza,
2024-02-07,haziqahazman,
2024-03-14,nazmear,
2023-11-26,jvieshop,
2024-01-30,p*****5,
2024-03-19,a*****4,
2024-03-10,azeranorafina,
2023-12-03,qishi_,
2024-03-16,hanisme13,
2023-12-10,peggy_1012,
2024-02-28,norlailimohdnoor,
2023-11-29,afifahaifaa,
2024-03-19,amirahfarhanahh,
2024-03-20,n*****a,
2023-11-30,as_ghozali98,
2024-03-03,humaira_aqilah27,
2024-03-03,a*****i,
2024-03-09,qurratuainizainal,
2023-10-26,daisuke_daszie,
2023-11-19,daisuke_daszie,
2024-01-16,hanijayz,
2023-12-02,a*****h,
2023-11-22,_*****8,
2023-12-27,faqiha45,
2024-03-03,ainanisha97,
2024-02-28,i*****3,
2023-12-24,sharonyan82,
2024-03-16,_thelishaempire,
2023-11-06,rokayah74,
2023-12-27,rokayah74,
2023-11-03,blqsshm,
2024-02-26,marcelobanderas,
2024-02-05,mikejonathans,
2023-11-26,c*****a,
2024-03-08,mizahharun,
2023-11-27,a*****9,
2024-03-06,meernaa,
2024-03-12,raishajasminefood,
2024-02-12,shazilaroslan,
2024-03-15,safwan88,
2023-11-22,nbihazlkrnain,
2024-01-16,nikkiysc,
2023-10-31,syim99,
2023-12-07,syakira1205,
2024-02-03,p*****2,
2023-11-28,healthybeauty.from.inside,
2024-03-07,jannahamirah95,
2024-02-26,m*****t,
2024-03-04,babyfaced,
2024-03-05,zaqwanzakaria,
2024-03-11,nurshafiqahella,
2024-03-11,nurshafiqahella,
2024-03-25,c*****m,
2023-11-30,n*****7,
2024-01-31,ymbiz_enterprise,
2024-02-21,cikceni,
2024-03-10,zeerasyaaaa,
2023-12-28,pnatasya.,
2023-11-01,nurulsyar,
2023-12-07,dianawongn30,
2024-02-29,syashafika,
2024-02-15,siti.hajar.1996,
2024-03-02,patinpahira,
2024-03-16,pipot98,
2024-02-12,nurmayaminsyamimi,
2024-01-09,my_gerobok,
2024-03-20,hafyzy58,
2024-02-15,x*****x,
2024-02-01,sky_blue71,
2024-01-17,nuyien97,
2024-03-14,fhmd77,
2024-03-25,hailyusuf,
2024-01-02,viviantan88,
2024-01-10,chintyapratiwi1110,
2024-02-16,leokyl,
2024-03-25,jyen98,
2024-03-24,nadeaxyz,
2023-11-09,nurull_1623,
2023-11-15,nurfarahin3005,
2024-02-19,biahd,
2024-03-03,aisyasya06,
2024-02-20,sitinoridayu,
2024-03-11,carmmemen,
2024-02-08,syierah25,
2023-11-30,nurhidayahtullah,
2023-11-21,amyrarf_,
2024-01-09,aenyusri92,
2024-03-16,iseyui,
2023-11-18,nikkieling,
2023-12-05,qamarinadriana37,
2023-12-02,zettcastic,
2024-01-31,n*****a,
2024-02-21,ainazaini33,
2024-03-07,a*****9,
2024-03-13,ummiiiamiraaa,
2024-02-03,putriana20,
2024-03-24,n*****.,
2023-11-29,pokdib,
2024-03-14,i*****s,
2024-03-20,nrizwniazn,
2023-11-21,meiyenyin,
2024-03-07,norziyanamuhamadnoor,
2023-12-03,pangsookteng,
2023-12-09,nytttru,
2023-11-20,loylia,
2024-03-14,nuyee_ng,
2024-03-05,fartinitajudin,
2024-03-21,azlinanipah,
2024-01-26,zahraayen17,
2024-02-24,n*****7,
2024-02-12,z*****i,
2023-12-06,nursyafurah99,
2023-12-14,a*****.,
2023-11-30,d*****a,
2023-11-07,azilaziq,
2024-01-19,laffmochi,
2024-01-23,sahirazlin,
2024-03-04,noorhartinimuhamadmusni,
2024-03-22,azirasuhana,
2023-11-30,chiewchingtan,
2023-12-01,chiewchingtan,
2023-11-30,daphlowe,
2023-12-15,rivadwitasari,
2023-11-06,f*****9,
2024-03-20,i*****y,
2023-12-18,azizahamandita,
2024-01-09,myza98,
2024-01-17,yeoshuqi_0304,
2024-03-15,purples_0318,
2024-03-04,norzairazahari,
2024-03-18,zulhilmiesaipudin,
2023-11-29,shahbinsalleh,
2024-01-06,farhanajwa_,
2024-02-12,hariyanatahir,
2024-03-07,elvibeautyhq,
2023-12-06,n_farishanarawi,
2024-01-16,alleyanah,
2024-03-04,me.syaa_,
2024-03-07,salfariezahusin,
2024-03-17,ika130226,
2024-03-17,e*****h,
2023-11-08,miralanker,
2023-10-21,rg9ra5kxi_,
2023-11-08,dernaabdullah,
2023-11-09,ainanadlien126,
2024-02-26,nuradeliyana,
2024-03-02,n*****a,
2024-03-16,nrlirwna,
2023-11-13,j*****n,
2024-01-25,e*****o,
2024-01-28,nurhusnamuhamad,
2024-03-15,anannn98,
2024-03-25,anannn98,
2024-02-06,intnsrya99,
2024-03-14,ninaninaniliey,
2023-12-07,meeyaufufu,
2024-03-25,nooryea,
2024-03-02,hidayahfauzi_,
2024-02-20,wazwongg,
2023-12-06,enin_1105,
2024-02-18,aliahusna17,
2024-02-24,slimdd2004,
2024-03-12,zalikhaanuar,
2024-03-04,angahnazri,
2024-03-09,sashawati,
2023-12-27,liney89,
2023-11-06,carrissianasa,
2024-02-16,a*****9,
2024-03-22,p*****w,
2024-01-23,winterlee99,
2024-02-26,eerarazi,
2024-03-16,yunilyana,
2023-11-07,syafieqa1327,
2023-11-09,s.syahana,
2024-02-14,i*****a,
2024-03-03,mwiizt,
2024-03-14,gmznhh2wvn,
2024-02-09,huishang97,
2023-11-15,noorizayati.hassan,
2024-02-01,nurfarahjamil,
2024-02-16,nazirulfikri,
2023-10-25,molli05,
2023-11-25,n*****i,
2024-02-14,dayahmasri20,
2024-03-01,a*****x,
2024-03-17,aslamhamzah,
2023-11-14,milan_90,
2024-02-06,aini_razaman,
2024-02-28,lily_010406,
2023-10-25,munirahmoon91,
2023-12-03,syahiraharms,
2024-02-15,enanorazrina,
2024-03-14,a*****9,
2023-11-18,syakhet,
2023-12-14,c.xinqi,
2024-03-06,dik.mell,
2024-03-10,azaleashuhaimi_,
2024-02-02,nurulhasikinhashim,
2023-12-21,nurhannaninajihah,
2024-02-27,aishahismail21,
2023-12-07,ronaharahap96,
2023-12-14,suralfuadi031100,
2024-02-16,fi.qah_,
2024-02-27,rupin_kaur,
2024-03-16,kedai.moktie,
2024-03-20,sabrina7_,
2023-12-20,hamizah6171,
2023-12-03,ammarfirdaus84,
2023-11-08,hannyrahma_06,
2024-02-27,ainmustaffa21,
2023-11-29,vbxwp2wi80,
2023-12-19,salmidami,
2024-03-01,shahiraayoob,
2024-03-21,juvitieda,
2024-02-20,l*****4,
2023-11-21,m*****n,
2023-12-24,nate_24_sha,
2024-01-12,sofiaa95,
2024-03-14,38girlzzz,
2024-02-14,noorasliza1984,
2024-03-04,annenisaa,
2024-02-05,chorrambo,
2024-02-21,f*****h,
2024-03-10,chayyo,
2023-12-01,izzatishahirahh,
2024-02-08,i*****i,
2024-03-17,nurxnaqxlah,
2023-12-09,fatienramli,
2024-01-26,ameenabakri,
2023-12-11,syaza2002,
2023-12-20,jasmine_yeoh,
2024-01-26,yiapxunke,
2024-02-21,s*****7,
2024-02-23,fifizainififi,
2023-11-28,rozana_yasin74,
2024-03-13,angelinefoopohlee,
2023-12-05,fauziahdenziah,
2024-02-21,lathifahskpa2,
2024-03-14,d*****s,
2024-02-22,nurulnatrah17,
2024-03-21,mohdnasribindermawi,
2024-02-28,carlydiana09,
2024-03-05,ndikazira,
2024-03-20,sha.muhd,
2024-03-21,iameyrie_jh,
2024-01-20,hunnybabyy,
2024-01-17,norazlinbasir00,
2024-01-29,mazwan24,
2024-02-06,nurcapik,
2024-02-13,rofinatunn,
2024-03-02,nursyazaafifah,
2024-03-20,ain.lee00,
2024-03-24,nazifahaziqah,
2023-11-22,nadiahamli,
2024-01-30,wn.aishxh._,
2023-11-09,ijansihombing,
2023-11-14,mrs_toamas,
2023-12-19,yanzabu2401,
2023-12-20,a*****i,
2023-12-31,nurntsyaa,
2023-11-25,miralinus,
2024-02-05,n*****m,
2024-02-14,mohd_izzat01,
2024-02-17,zatuls,
2024-03-17,seriinisrina,
2023-11-18,alexanderjohn1987,
2023-12-09,k*****e,
2024-02-02,fatimahalzahrah,
2024-03-15,n*****7,
2024-02-08,ssyazlyanashahrum,
2024-03-03,nurhusnadiaabdullah,
2023-10-20,zurazura296,
2023-12-25,eykahpieces,
2024-03-05,sushisyaa16,
2023-11-17,crenbulat,
2024-02-24,nrsmshop,
2024-03-17,n*****i,
2024-03-17,adielaanizar,
2024-02-15,yana480,
2024-02-17,ahhkong,
2024-03-09,waniey0405,
2023-12-12,1994mirah,
2023-10-27,m*****5,
2023-11-03,thrisna_sinambela,
2024-01-04,memeyhk,
2024-02-15,r*****m,
2024-03-20,ainiismail5592,
2024-02-05,eyikaa,
2023-12-04,e*****_,
2023-10-31,pink_lover97,
2024-02-03,akmalldanial,
2024-03-13,sabrinaraman,
2024-02-18,alyanaylii,
2024-03-03,eyka_syafiqah...,
2023-12-05,ijoesuhaimi,
2024-03-15,nashirah_99,
2024-03-23,aidil_hakimie02,
2024-03-21,your.s,
2023-11-10,arfah20000,
2023-11-16,sakdiahnafisa28,
2024-01-06,mztlhfz,
2024-01-15,alifsyuk,
2024-01-26,ahmin12,
2024-02-29,n*****h,
2023-11-08,kamalina0542,
2024-01-16,nurulnabilah13,
2024-02-22,azimsyed,
2024-03-08,intankudangjah,
2024-03-10,cttimah,
2024-03-16,muni98_,
2024-03-19,n*****i,
2024-03-10,roszaidioja,
2023-11-07,aneesah26,
2024-03-06,izzulazri19,
2024-02-29,aksfba215722,
2024-03-04,nurulatikajamurah,
2023-10-30,n*****h,
2024-02-18,numanbasyir,
2024-03-04,wannorizzatiharun,
2024-03-06,0e2xjz_vpv,
2024-03-09,afrinaaaaaa26,
2024-02-17,miraclecella30,
2024-02-28,faizal961221,
2023-12-04,airaamiera179,
2023-12-11,qin1010,
2023-11-09,itskilah,
2024-03-14,sarilestari0998,
2024-02-07,mukhlis021213,
2024-03-21,syazwi36,
2024-03-22,s*****n,
2023-11-16,myraloliy,
2024-02-07,cyah88,
2024-03-17,blckendwhite.co,
2023-12-22,xchloey02,
2023-12-28,msarahfqh,
2023-12-07,arisya_98,
2024-02-02,yoonmei,
2023-12-07,andinurkasih,
2024-02-26,pikahrashidi25,
2024-03-07,mukriznazri,
2024-03-07,izyankamaruddin,
2024-03-11,izyankamaruddin,
2024-03-21,mohdsalleh23,
2024-03-06,wmaimanhakim,
2023-11-29,outsiderz,
2024-01-30,k*****2,
2024-02-11,syzaakmal,
2024-02-29,garyshawn99,
2024-03-01,yuki_lxl,
2024-03-20,nurfadzrina,
2024-03-21,harithumar_,
2024-03-24,harpreet21,
2024-03-11,t*****6,
2023-11-03,viyangumilang,
2024-01-21,afiqahhazanie,
2024-01-21,afiqahhazanie,
2024-02-06,sharongoo,
2024-01-20,imanhazri77,
2024-01-18,latifah_binti_khalid,
2023-12-23,fentonivan,
2024-02-23,imwinterbear99,
2024-03-11,sitizuliza_94,
2023-10-30,rafizahyusof0553,
2024-01-16,i*****0,
2024-02-02,zulaikhain,
2024-02-24,l_xpla7viv,
2024-02-24,miraminpbc,
2024-03-07,nazatul820,
2024-03-01,a*****h,
2024-02-02,hazirahomar,
2024-02-14,faizahijaa,
2024-02-24,haikhalhafiz,
2024-02-17,faiz6359,
2023-11-07,hisunday_,
2024-02-17,sharmini23,
2024-03-08,nurinarman__,
2024-03-20,a*****a,
2024-03-21,harfiqah,
2023-12-10,hamizanazimi,
2023-12-11,lily_andriani18,
2024-03-05,a*****a,
2024-02-07,a*****i,
2024-02-10,intaniqah96,
2024-02-09,00andiani00,
2024-02-11,sunrise9204,
2024-03-10,nadiakongqijia,
2024-03-16,w*****n,
2024-03-17,lananoonjb,
2024-03-21,suhaimi_emy98,
2024-02-06,bushrahjamaludin,
2023-11-29,aj.top1,
2024-02-08,a*****h,
2024-03-02,4lysa_c4t,
2024-03-08,alcievv,
2024-03-18,zairanatasha,
2024-03-15,s2typfav1k,
2024-03-13,wawakiwi,
2024-01-02,c*****y,
2024-03-03,hyuney07,
2024-03-10,shima_zd,
2024-03-13,855_xix0w1,
2024-03-13,dilamaembong,
2024-03-01,aminatuzzakhdiya,
2024-02-29,64wrf882kn,
2024-03-08,nuraimiaiai9723,
2024-03-10,h*****s,
2024-03-14,atiqahhiffniiiii,
2024-03-13,fatimahzahrah3,
2024-03-06,aina_atieyfa30,
2024-02-23,lalagedion,
2023-11-07,afiqahhazmi._,
2024-03-15,iera_shakira,
2024-03-05,eykatikah1052004,
2024-03-05,durratunmoza,
2024-02-29,iqbal960315,
2024-02-29,putricintacyank,
2024-03-16,syznfs,
2024-03-22,sharifahazni,
2023-11-08,eileenhuong,
2023-12-07,nurafikayusuf,
2024-03-15,iddriana,
2024-02-11,najwasalim99,
2024-03-18,a*****5,
2024-03-20,shirinhiyah569,
2023-11-13,i*****a,
2024-03-06,lynaacute_,
2024-02-22,danialzikry,
2024-03-01,firdxuss,
2024-03-21,syu1904,
2024-03-24,maganda11_,
2024-02-08,ayuzoldyck,
2024-02-02,tonerayon,
2024-03-04,y*****_,
2024-03-11,cinammons18,
2024-03-12,zarifahmorsid,
2024-03-16,feqri_rosli,
2024-02-03,ngjfud,
2024-03-01,bellakhan3008,
2024-02-27,f*****h,
2024-03-11,immkass,
2024-02-17,a*****4,
2024-03-05,3tippmrd9e,
2024-03-17,sufisyazlin,
2023-11-14,p*****e,
2023-11-30,e9xc5m1rox,
2024-02-29,n*****t,
2024-02-15,aliffroma,
2024-03-17,fitrihandayani69,
2024-03-19,basisudah,
2024-02-23,syhfcas,
2024-02-17,pokmeeee,
2023-12-28,antellope1050,
2024-01-27,aisyahroshidi,
2024-01-24,q*****m,
2024-03-01,ishadode,
2024-02-09,alipalias12,
2024-03-04,s1h1gha0na,
2024-03-11,r*****m,
2023-12-02,adila_fakhira94,
2024-01-11,aleeyadarwisyah_,
2024-03-08,j50gdiynge,
2024-03-12,nathalialyviajelani,
2024-03-22,haizum00_,
2024-02-05,nas086,
2024-02-01,sofi.a5,
2023-11-05,maziatulbatrisya,
2023-12-09,evelyneppy,
2024-01-11,yatiiiiii,
2024-03-20,d*****u,
2023-12-08,anowar435,
2023-11-01,syahmila1998,
2024-02-08,frrazmn_,
2024-02-17,nourika04,
2024-02-28,jeffersontan2006,
2024-03-20,syazrina_10,
2023-11-09,n*****_,
2024-02-06,891228am,
2024-03-22,najir96,
2024-03-24,zhvn24xowy,
2023-11-09,qyvteaa,
2024-02-14,vfz2dmey75,
2024-03-12,izzhsnh,
2024-03-18,nurryssa05,
2024-03-03,ubitku,
2023-12-13,pipitoktamalia,
2024-02-25,junkiut,
2024-01-02,bbylunn,
2023-12-09,sriyantiyamim,
2024-03-15,o*****z,
2024-02-16,unick.17,
2024-03-01,slayerepig,
2024-03-01,slayerepig,
2024-03-09,syafikayusop,
2024-03-20,mmaizurahh,
2024-03-25,yatie_atie91,
2023-11-29,emilda_no,
2024-02-03,elimuncy,
2023-12-08,ayinhwang,
2023-12-10,syafira.s,
2023-12-11,dhhvh8ds7x,
2023-12-11,1xrmkdlox7,
2023-11-18,annashila980,
2023-11-19,gugdho,
2023-11-19,_kccnypowh,
2023-11-19,ica.sloth,
2023-11-20,9v34lcaqsm,
2023-11-21,sisi12112000,
2023-10-23,2z_xuy16x1,
2023-10-30,s*****h,
2023-10-30,9k_sbhvcgd,
2023-10-30,ver6_pxo6e,
2023-11-01,immanav,
2023-11-01,noorirdina._,
2023-10-30,rzkadelia740,
2023-10-30,desihutauruk377,
2023-11-03,nurwasie,
2023-11-07,azimanozil,
2023-11-06,soniania547,
2023-11-06,noradilla23,
2023-11-05,j*****5,
2023-11-05,wijilest15,
2023-11-05,cilla2525,
2023-11-07,alyn.min,
2023-11-08,tianyu027,
2023-11-09,jennmarcus,
2023-11-17,renecomelnamampos,
2023-11-17,nurfaidza26,
2023-11-16,xiaofei_,
2023-11-16,aliamaisarah299,
2023-11-12,1oubgs8vhu,
2023-11-12,juannany,
2023-11-15,stalla02,
2023-11-15,adreeanafathiah,
2023-11-16,nurathiraabdulaziz,
2023-11-17,jasmikamazwinjasmanyza,
2023-11-22,msagv47a14,
2023-11-21,wanhadi12,
2023-11-21,khairuldok,
2023-11-29,bangmamad641,
2023-11-30,s0yaa,
2023-11-30,shazreena88,
2023-11-28,j0uzuk4txz,
2023-11-26,c*****8,
2023-11-27,adawiyahhhhhh16,
2023-11-28,h*****5,
2023-11-26,aireen_atiha2024,
2023-11-29,mohd_faizal69,
2023-11-25,13133l,
2023-11-25,alyn.min,
2023-11-25,dyahnoviardita,
2023-12-26,monnsahari,
2023-12-25,i*****5,
2023-12-25,armiani217,
2023-12-26,zuraidil,
2023-12-27,jendyunus556,
2023-12-29,tiffannyvnaaa,
2023-12-27,nurnadzirah718,
2023-12-28,aisyahaq18,
2023-12-28,nur_ain.01,
2023-12-30,kipasberat,
2023-12-30,2ietlidmwq,
2023-12-06,berry.888,
2023-12-07,haziqhakimiesaimon,
2023-12-18,yayaamoi,
2023-12-17,6137hzhczh,
2023-12-17,f*****i,
2023-12-16,aankhunaifi296,
2023-12-16,ciajoanna302,
2023-12-12,annisabalqis07._,
2023-12-12,pwkci1si38,
2023-12-13,tawamalar,
2023-12-14,yamawzxynn,
2023-12-19,roszhasamuell409,
2023-12-19,magrety0ng,
2023-12-23,chicken425,
2023-12-23,williamfung27,
2023-12-24,syfs.ee,
2023-12-31,jamaljambooull,
2023-12-29,qm5zw1g821,
2023-12-29,qm5zw1g821,
2024-01-01,vekf5ck291,
2023-12-30,alnahalabun,
2024-01-26,lutfikurnia15,
2024-01-01,hasyasysel,
2024-01-03,wanidaamran,
2024-01-03,aniesfs413,
2024-01-04,muhd_h4sif,
2024-01-05,jeasps580,
2024-01-08,marryeabutik,
2024-01-08,shaajaafar47,
2024-01-07,titinsafitri643,
2024-01-06,ahthilay,
2024-01-06,minphyophyoaung,
2024-01-10,ber46dr5d9,
2024-01-13,anadiana944,
2024-01-11,khairunisahliyanamansur,
2024-01-14,9tc1eo9a4f,
2024-01-16,is97vh538k,
2024-01-16,a*****e,
2024-01-17,9xtnwzc2sj,
2024-01-17,412opw3c9t,
2024-01-20,ronagii,
2024-01-16,fidzwanyanne,
2024-01-16,azree33,
2024-01-19,boonchingji,
2024-01-19,elinta2020,
2024-01-23,imancapik,
2024-01-23,6sxjpvkp8o,
2024-01-24,amaliabatrisya,
2024-01-24,nadiahazhar28,
2024-01-24,0_veqoa71l,
2024-01-22,s*****2,
2024-01-28,pokcheks5,
2024-01-29,h*****_,
2024-01-30,t*****a,
2024-01-30,dayah070,
2024-01-30,i_0d594o6j,
2024-02-02,izhwiena,
2024-02-02,kagurakagura264,
2024-02-02,mghedgzsug,
2024-01-28,d0aj4wgjrl,
2024-02-03,jennadrianna,
2024-02-03,panlay016,
2024-02-01,soqqwpra38,
2024-02-04,suci_fazura12,
2024-02-04,firdausismail_,
2024-02-05,aednie,
2024-02-05,xx2u79x8gw,
2024-02-05,estarinabrbarus,
2024-02-05,khoshenkarthigesu,
2024-02-05,nurainmaisarah910,
2024-02-06,saraafiqah303,
2024-02-07,vonnylawati764,
2024-02-07,8nvs7_g3om,
2024-02-07,iezyshop,
2024-03-13,nurulnabilah300,
2024-03-14,normannorkasan,
2024-03-15,tasyajunior,
2024-03-15,vyko9_24eg,
2024-03-15,sharlynnvoo,
2024-03-15,sabryna731,
2024-03-15,70a7jxc09x,
2024-03-15,atikadahlia490,
2024-03-14,njwtisa,
2024-03-14,waawey,
2024-03-05,rozayuswandri,
2024-03-05,opektaufik645,
2024-03-06,songkang_bkyj,
2024-03-05,hartinahasbiha570,
2024-03-05,olerylyn,
2024-03-06,leondeverita,
2024-03-01,qm5zw1g821,
2024-03-01,irfankamid671,
2024-03-04,nurshikinnurshikih,
2024-02-29,ajibrani1907,
2024-02-29,m*****h,
2024-02-29,ajanahmed,
2024-02-29,mawargirlz460,
2024-02-07,ann_francis07,
2024-02-08,espinc1,
2024-02-18,1s0i_6ayz1,
2024-02-18,ch1m3yy,
2024-02-18,nawangdwi685,
2024-02-18,i*****i,
2024-02-08,nadien1215,
2024-02-09,wficvrzt0y,
2024-02-08,nur_1210,
2024-02-08,rolinama,
2024-02-08,nurhalisa9693,
2024-02-10,officialukue,
2024-02-09,ssusanti_1801,
2024-02-10,myoset854,
2024-02-11,mndymeikol,
2024-02-11,nuraisha027,
2024-02-13,rairizz93,
2024-02-09,zhiweitan329,
2024-02-14,nispasury,
2024-02-15,farishayasminsofea,
2024-02-15,wiena96,
2024-02-16,balqish815_,
2024-02-16,devasukmacitra078,
2024-02-16,lvesyaa,
2024-02-16,0y1c6i2d02,
2024-02-16,sitimaisarah405,
2024-02-16,adamarau,
2024-02-15,e*****h,
2024-02-16,z*****e,
2024-02-15,2xm5yinun5,
2024-02-15,linrashid274,
2024-02-12,rinikamjong26,
2024-02-13,79bhau6vsa,
2024-02-13,anikfatimah733,
2024-02-17,miliyanieismail734,
2024-02-17,yantipangestu,
2024-02-18,mfyobybyyf,
2024-02-17,afifahiwani,
2024-02-17,quts54rw8f,
2024-02-17,ilinputri339,
2024-02-17,n*****f,
2024-02-18,hasyadhaniyah912,
2024-02-19,khadiejah.az,
2024-02-19,,
2024-02-19,lutfikurnia15,
2024-02-20,238xes0jmm,
2024-02-19,putrimayasari750,
2024-02-20,ftrynns,
2024-02-21,norsyuhadabahaman,
2024-02-21,caigrr,
2024-02-21,haikalmar428,
2024-02-21,av___5lckc,
2024-02-21,hasrieee,
2024-02-22,khairinaaaaaaaaaaaaaaaaaaaa,
2024-02-22,cmst1tqbl3,
2024-02-22,s0vxf_im5f,
2024-02-23,fatinnuramalinadato,
2024-02-23,susansanti764,
2024-02-24,kurosakifirdaus91,
2024-02-24,tainahnah,
2024-02-24,absamadmohdnoor,
2024-02-26,nurrisadriana,
2024-02-26,mayagultom662,
2024-02-27,ayunisaraswati739,
2024-02-27,y*****m,
2024-02-26,fmayaa,
2024-02-28,chewatieakakchik,
2024-02-24,0y1c6i2d02,
2024-02-25,novijamani97,
2024-02-23,wikewidia096,
2024-02-24,feliciaysl443,
2024-02-27,harenacz,
2024-02-27,ayunizamree,
2024-02-27,n.zueryani,
2024-02-28,inq74btnhx,
2024-02-28,sitileez,
2024-03-01,mawariani_,
2024-02-29,nurulhasanah183,
2024-02-29,nasreeneena,
2024-02-29,sadamwahab651,
2024-02-29,z51714wmpr,
2024-02-29,lala.thaonguyen,
2024-03-02,nurajijalulu,
2024-03-02,nwevu7jbnr,
2024-03-02,chawchaw241,
2024-03-02,nurkhansattar,
2024-03-02,nurkhansattar,
2024-03-03,ateaqahere,
2024-03-04,7s1unhtycn,
2024-03-04,sm9gd0lr2g,
2024-03-03,aznieazri,
2024-03-01,jellykartika__,
2024-03-04,0bg3w6cyh9,
2024-03-04,ayunierosri,
2024-03-05,mawaddahazman,
2024-03-05,muhammaddanishbinshaharu06,
2024-03-05,rafikanadila,
2024-03-05,aurasaragih_2003,
2024-03-05,vvkyra,
2024-03-05,okeyjsjsn,
2024-03-05,mimierezali,
2024-03-05,r*****l,
2024-03-06,yayinkiran22,
2024-03-07,ib7j61mk7o,
2024-03-08,fvlimvmqk4,
2024-03-08,nurfarhanaanuar,
2024-03-08,nashhusain,
2024-03-09,suthashinisutha,
2024-03-09,klmozlib6f,
2024-03-09,nrsyaahirahhh,
2024-03-09,ainaya1123,
2024-03-06,_rahayu_1234,
2024-03-08,steffikardinto,
2024-03-09,syafiqahsyaqila,
2024-03-09,nurshahidamohdhatta,
2024-03-07,lusiasp101999,
2024-03-07,a*****9,
2024-03-07,nurulnabylaaa,
2024-03-07,kenhwang154,
2024-03-07,nuramyraazmi,
2024-03-08,rinaldyh22,
2024-03-08,bellafitriani346,
2024-03-08,dill_169,
2024-03-09,nurainnurain379,
2024-03-09,noorhasmah899,
2024-03-09,mokyie505,
2024-03-10,syarifahsyahira779,
2024-03-09,saubismee,
2024-03-10,fatimahazzahrah684,
2024-03-11,irmayaniirfan,
2024-03-12,o*****y,
2024-03-11,utami.ita,
2024-03-11,xenasheryl,
2024-03-12,u*****q,
2024-03-12,mianmarpaung,
2024-03-12,wulandarirahayu623,
2024-03-12,_uggu6isol,
2024-03-13,m*****8,
2024-03-13,nuraleesamiazarafaridzul,
2024-03-13,a*****3,
2024-03-16,a*****8,
2024-03-16,akmaerma544,
2024-03-16,irmahafiza,
2024-03-16,emeriz454,
2024-03-16,s*****i,
2024-03-16,rxnp2rp76x,
2024-03-16,suheeraarn,
2024-03-17,farash0709,
2024-03-16,azranurayra,
2024-03-17,nuratirah089,
2024-03-17,zulayqaaa,
2024-03-18,ashieyfins,
2024-03-18,m*****8,
2024-03-19,j*****6,
2024-03-18,nawilah_jani,
2024-03-19,e7nlmx8l0v,
2024-03-17,e*****o,
2024-03-20,g*****x,
2024-03-19,puanjijah,
2024-03-18,ayunisaraswati739,
2024-03-19,adrianaazmira865,
2024-03-19,s*****6,
2024-03-18,ketiqai,
2024-03-18,dyianad,
2024-03-19,75mazuin,
2024-03-20,nur_cahaya8841,
2024-03-21,mohdrafi704,
2024-03-23,faqrih,
2024-03-23,angelinesaimon98,
2024-03-20,eycahsue,
2024-03-20,alyamunirah10,
2024-03-20,zajilazajila,
2024-03-20,nurhayatimunir648,
2024-03-21,_tiber_,
2024-03-21,eggsoraya,
2024-03-20,lisa_bek,
2024-03-20,akmashamrin,
2024-03-21,r*****a,
2024-03-22,syufriatulmarrah,
2024-03-22,onganna254,
2024-03-22,ygtpj4mo0m,
2024-03-22,n*****9,
2024-03-22,nuralieeyaelieysha,
2024-03-23,3761zg3qy9,
2024-03-25,indahpermatasari886,
2024-03-25,ashraffali00,
2024-03-24,amzarsyahira,
2024-03-23,cikyana290,
2024-03-25,qaisaramarissa418,
2024-03-25,bestshopping,
2023-11-15,anissadwi2821,
2023-12-07,htarlay314,
2024-01-10,h*****4,
2024-01-28,iralestari341,
2024-02-02,wongping640,
2024-03-15,noor197923,
2024-02-28,mahrusali019,
2024-02-12,pancapajarina,
2024-02-15,dayangida194,
2024-02-15,taxiby,
2024-02-13,azizahalzahro,
2024-02-13,azizahalzahro,
2024-03-03,ufaregwa2p,
2024-03-10,swkf0quvst,
2024-03-12,ucuraziq,
2024-03-11,errynaaaaa,
2024-03-19,amellerl,
2024-03-22,syazanadh354,
2024-03-22,liyueadepti,
2024-03-24,iraaa3006,
2023-12-28,18maryamyam,
2024-03-15,winnajanna,
2024-03-01,farezanmatjusoh,
2024-03-03,muhammadazman232,
2024-03-03,muhammadazman232,
2024-03-18,hzmrhz,
2024-03-14,amin00481,
2024-03-12,jifangkim,
2023-10-20,ritaliana89,
2024-03-20,surainahhhh,
2024-03-15,um7z6m_avk,
2024-02-02,raazbbandari,
2024-03-12,tmqkl1s20u,
2024-02-23,wahablahamin,
